transaction_amount,transaction_time,account_age_days,num_prev_transactions,location_distance_km,is_foreign_transaction,is_high_risk_country,fraud
122.42357199065252,10,494,334,-0.01674932370195581,0,0,0
143.73079803950804,17,1035,215,8.532634174308757,0,0,0
74.72323651077937,6,374,31,3.2302721064027313,0,0,0
64.22516089348198,6,1872,372,6.508144675319771,0,0,0
131.7245252923738,22,2533,262,10.481784514871041,0,0,0
62.55213518102983,9,459,167,2.4646141675201996,0,0,0
130.16108895684098,9,2336,138,1.816119404865555,0,0,0
49.84402655541834,15,2594,38,-0.15118584532614676,0,0,0
107.75964160884803,22,147,352,2.109249666409876,0,0,0
46.7954605564706,6,713,368,3.8861758621572413,0,0,0
18.809986234326097,13,2819,280,12.709721106426004,1,0,0
99.85993608819187,6,2399,498,1.60729912251721,0,0,0
42.96684166760844,20,238,78,9.024295926121107,0,0,0
24.524265719595984,9,1370,375,5.450865894730322,1,0,0
767.3630245753571,5,146,17,308.9281086995831,1,1,1
247.80860758517395,14,2051,307,8.94433947678951,0,0,0
22.442217303653255,11,2420,74,-0.12435818382438946,0,0,0
93.41665114836294,22,1331,144,3.858778227767462,1,0,0
177.34181873353305,15,1051,312,7.848568753883026,0,0,0
82.14401871197542,22,2572,234,0.6172251840450276,0,0,0
230.62697675367923,13,2919,29,4.406692865883157,0,0,0
110.43779570050789,11,1819,288,4.745540976020772,0,0,0
120.61299251262119,8,597,120,5.462144233105317,0,0,0
29.07798391576295,12,1712,119,5.7059538843172986,0,0,0
55.63980164029289,14,1848,61,7.203794384908987,0,0,0
389.34452132596164,10,1478,224,2.4465105792508823,1,0,0
100.16708758224932,22,1503,276,2.8983895159713846,0,0,0
23.63967219173367,10,2943,81,10.24021681252504,0,0,0
101.78727003559524,14,715,190,9.528373080223071,0,0,0
30.46745089668655,8,2394,105,3.777855897854567,0,0,0
153.05773065339022,18,2635,362,1.309585268725736,1,0,0
370.06521191954283,22,2385,374,5.199777715255004,0,0,0
192.60889165132326,22,2060,446,4.477548170752338,0,0,0
72.65338968370932,16,1195,300,7.5209573827545455,0,0,0
51.416670495762,20,2055,271,9.220342567364115,0,0,0
101.08818207587997,13,2602,72,1.9631799294889545,1,0,0
76.08895885423004,17,1973,292,6.515979500234195,0,0,0
33.56211413438531,13,1114,99,7.422334154025055,0,0,0
67.93440249338629,8,2605,47,2.327331164173824,0,0,0
36.19628977614956,9,2007,341,3.997590654620472,0,0,0
3.02194136471229,14,1052,284,7.92703503631446,0,0,0
131.38575210676913,6,2690,161,5.236333183599,0,0,0
52.90137195271518,14,790,346,8.62504345272069,0,0,0
171.88996502597246,14,544,424,9.201199384385848,0,0,0
24.721021140196918,21,2037,150,3.522528827499004,0,0,0
135.55364734219944,22,1075,370,2.347524560168696,0,0,0
86.40285263388972,10,2263,103,8.689322673565812,1,0,0
72.07616127430299,7,2087,301,1.8643569130378688,0,0,0
56.55390008704495,19,2534,199,9.5878896525186,0,0,0
28.044476729832923,22,1561,392,5.290028363420697,0,0,0
200.59945729609547,18,2966,212,4.676016049508396,0,0,0
169.32381915998337,13,1632,449,5.554430907469217,1,0,0
68.71138904559375,20,1925,444,1.497397354061912,0,0,0
65.56363193402615,10,2143,260,9.279778940973397,0,0,0
120.60014388408172,6,767,386,4.038612350721069,1,0,0
43.52470387416362,12,2755,221,4.685624249315817,0,0,0
117.81367853840547,18,2976,248,5.4791531860463,0,0,0
130.59564179235278,13,2223,293,4.148945918965542,0,0,0
313.9099598439474,11,998,184,5.22727802959514,0,1,0
15.855665874196474,15,1360,228,6.689406365504778,0,0,0
251.90318660224403,13,1022,343,6.41431959948452,0,0,0
315.4866201655165,20,1874,345,6.97517753576747,0,0,0
29.939795873951958,22,2253,405,3.4374090045474315,0,0,0
43.615759984540674,7,444,422,7.7958036269489295,1,0,0
31.55938274146119,18,2561,246,1.493776914520621,0,0,0
71.83764965897136,17,2861,421,4.2505703009472615,0,0,0
47.46165790161137,14,715,263,3.8542031848239056,0,0,0
49.20587595263417,7,2371,344,11.612686907886921,0,0,0
17.965859742612736,22,376,417,8.120565694378257,0,0,0
309.08629877543046,21,2510,399,7.808627028739849,0,0,0
144.00347494803887,17,2477,102,3.6837622398551195,1,0,0
43.53426730231049,18,2572,409,5.471775310355895,0,0,0
102.98963157456691,14,705,355,4.625060809057355,0,0,0
64.0104189391034,8,2652,279,5.10170235237638,0,0,0
80.29136230298481,20,1216,119,5.372218177158481,0,0,0
108.92435701542493,20,2659,312,-2.495480763614353,0,0,0
121.41324218595915,9,2043,297,1.9250230585437116,0,0,0
112.91891743807079,18,2694,217,-1.6301283678705403,1,0,0
77.03415506733835,7,228,315,2.527149326963745,0,0,0
130.029238705288,20,1426,417,5.316961475078184,0,0,0
82.54530463460951,15,350,31,7.357436027890428,0,0,0
182.96682735410644,16,2098,346,4.816694258745901,0,0,0
143.3353115482111,14,2651,17,1.205940704731825,0,0,0
268.4104944403351,9,1054,383,-2.765249896612599,0,0,0
244.2812536504755,17,309,35,3.3595757312821153,0,0,0
56.72544851825106,6,2309,16,5.868961094629274,1,0,0
109.88562777099426,13,1854,221,11.35024046443895,0,0,0
207.4123796389116,15,1674,221,5.986798681772295,0,0,0
208.4295458238556,9,2905,98,1.0277395104023395,0,0,0
24.58573274643638,21,1394,409,0.2577475480716753,1,0,0
144.67273199119154,14,721,150,3.2077299045703156,0,0,0
21.11388119641745,17,2632,197,7.3798562154953755,0,0,0
58.3155089862207,21,1017,468,6.7871067505265446,0,0,0
70.55601896294186,21,996,376,9.098716969897197,0,0,0
90.86082796663784,9,1108,25,8.289956806298289,0,0,0
66.71177919171976,22,1673,450,10.965001980741789,0,0,0
51.65431463097255,17,2889,153,6.86456554584767,0,0,0
63.41336806376301,19,2796,216,3.1883296530326426,0,0,0
112.0462396286289,18,817,338,3.4958921849965447,0,0,0
52.151694595584445,14,955,148,10.709878063181481,0,0,0
272.1713905828426,15,302,56,9.812273760431719,0,0,0
94.13401154934154,9,1167,471,4.541566648797922,0,0,0
56.475975988335136,10,2172,260,8.163236336658233,0,0,0
42.014082029632746,9,1640,415,1.0226186859372572,0,0,0
87.2420243250181,20,2530,182,4.619357857693418,0,1,0
195.3084869359237,14,2004,18,3.4627843561276466,0,0,0
109.36708267522353,14,769,317,8.615286960350087,0,0,0
151.38959604928178,9,2152,40,4.398576172526365,0,0,0
126.02685239009124,13,1461,159,5.270547912490699,0,0,0
55.873116186300194,19,2882,160,4.681641453292005,0,0,0
41.47664406854704,18,2786,38,2.058777770605886,0,0,0
51.36645968069781,8,2447,17,7.689765962708055,0,0,0
1207.8571140105944,0,168,12,240.8653101869163,1,1,1
159.49774588774568,22,2928,157,2.395808279974308,0,0,0
99.24224558184721,22,2954,407,8.603044283515672,0,0,0
79.26140451505047,22,1116,447,3.379690719203646,0,0,0
168.45518460559802,16,1702,182,6.638820828672998,0,0,0
201.94213332122874,9,882,66,4.748218235381974,0,0,0
158.40124744965448,9,265,45,6.520632369171684,0,0,0
21.519457954865224,22,1093,381,2.044416791637957,0,0,0
238.8343511929651,12,2864,170,3.5205654327375537,0,0,0
192.4219884800544,19,464,125,0.6117010786666377,0,1,0
54.95985590616813,18,922,155,8.040367465223303,0,0,0
152.6406149173539,8,2905,391,11.361704361291505,0,0,0
73.34991851808032,17,2168,408,5.393062286236095,0,0,0
105.87141787789199,11,2104,465,9.014076207886554,0,0,0
8.861144537025677,20,338,467,1.874457363678414,0,0,0
113.77616845734404,9,542,439,5.972776388105591,0,0,0
69.65049236591554,21,1906,20,4.475538908108372,0,0,0
19.535809590090786,13,1221,51,3.5369780771630026,1,0,0
185.00399055052762,18,2863,377,7.151850743476327,0,0,0
222.99557259258185,13,1574,79,2.443395106035249,0,0,0
71.640946514123,11,2548,420,5.664433093027749,0,0,0
194.28853697949015,21,1498,460,2.7286194595518496,0,0,0
186.89227197527535,9,2254,239,1.073665063769214,1,0,0
28.695140407233776,22,2715,366,6.138650913836689,0,0,0
73.54441688345086,18,554,54,4.064038974055988,1,0,0
60.72891969220129,18,395,175,10.819965174429004,1,0,0
232.26070948401696,13,2972,169,7.592730844202679,0,0,0
40.45859685827615,20,2787,115,7.998257098033734,0,0,0
312.6562362722683,18,865,138,1.3438540139753727,0,0,0
109.36103249284595,11,1458,21,3.1299479591292148,0,0,0
125.2110192988023,20,1912,81,-3.1668332227694336,0,0,0
101.81250101143395,14,1294,220,6.450319675790116,0,0,0
89.07943007769265,11,355,399,5.567333649811822,0,0,0
36.360955929129524,21,1549,467,8.366610703093146,0,0,0
400.6740224892759,0,8,46,156.9345210151446,1,1,1
116.1708866284429,10,369,297,5.6624255236642735,0,0,0
107.3512972861151,13,2408,397,6.195347368573638,0,0,0
17.67668354359862,21,1786,343,7.8112006253060935,0,0,0
81.0420982444452,14,1328,483,3.9839259802343747,0,0,0
129.70068013477695,21,2841,42,4.551705541966732,0,0,0
161.32799734285317,13,761,499,4.213564568396283,0,0,0
57.52694396512139,10,2972,384,11.662051389749342,0,0,0
135.19990360626937,22,832,452,4.08150242643347,0,0,0
58.70381872443063,7,203,284,1.8310160020827757,0,0,0
246.5673268712754,21,2718,496,1.932243949183726,0,0,0
636.414180946765,3,41,40,324.6091999300343,1,1,1
31.20071768595496,22,143,397,2.81100612853662,0,0,0
51.634012313310485,18,2248,341,0.7631170402104335,0,0,0
42.197738185770504,7,970,95,-2.8620128790431583,0,0,0
108.5756682024006,9,921,457,5.379569615054165,0,0,0
32.00686524219417,8,489,375,8.72344203163618,0,0,0
81.11442431466598,9,879,315,4.2411449023227075,0,0,0
20.45327375469543,7,1196,12,6.250788509794449,0,0,0
84.71396284680098,13,1309,447,3.8110509002947515,0,0,0
25.020362055850896,9,2358,190,2.6561098795308244,1,0,0
132.08663392739652,18,663,168,6.765958038147304,0,0,0
165.58061554925675,11,1494,436,-0.11460580519184838,0,0,0
94.85638881265773,13,438,499,7.58545040965647,0,0,0
88.72778242280205,18,1217,351,-3.139727902490236,0,0,0
6.5834840969265285,12,2832,302,4.680536350458358,0,0,0
222.00808406740592,13,2681,290,3.4238333910891625,0,0,0
53.33425807751642,13,651,263,6.2767827603883894,1,0,0
76.50819670005414,16,1322,242,7.292315888984284,1,0,0
99.94801320323235,9,969,282,3.2312978480227965,0,0,0
88.33637039609495,12,414,176,4.038321252421444,0,0,0
95.83187806107568,12,291,333,6.813777034107515,0,0,0
216.7580962843096,14,533,117,5.892184560593324,0,0,0
631.6745205222169,3,125,38,209.71667316691168,1,1,1
255.7520828205573,18,320,275,7.326271199268123,0,0,0
272.6687444784496,8,868,294,0.7365405795631368,0,0,0
51.98452260282366,22,2941,256,8.013129904289396,1,0,0
148.0500739313649,11,1590,35,2.702570059823866,0,0,0
81.21323422128668,15,2586,275,5.891250354472505,0,0,0
96.62512134919233,17,1664,172,8.960552591595253,1,0,0
78.10944217820312,10,1128,190,2.2998373020072522,0,0,0
57.41403612839287,9,459,134,1.549483819056837,0,0,0
51.863352222111345,11,1788,369,6.862242665838272,0,0,0
53.79450047265792,15,2805,224,4.930925436660497,0,0,0
70.95136113215898,9,1448,397,6.948492094577719,0,0,0
78.72009397131302,12,1800,145,1.4591491885313852,0,0,0
54.26403272370375,20,2605,234,4.261273634153848,0,0,0
57.869626807183685,20,238,435,4.520251931493679,0,0,0
44.3010193202956,9,880,284,1.5251420109019866,0,0,0
4.3649628190065455,13,2030,368,6.039908589697517,0,0,0
225.15780555406235,20,2082,464,7.9465369603000635,0,0,0
97.47126914168099,22,2424,419,8.01014829265982,0,0,0
266.2694844150105,22,2665,257,3.8679737691565697,0,0,0
216.77636084938078,17,2612,355,1.9968133598467013,0,0,0
70.30075772755295,11,604,85,6.593289806853822,1,0,0
104.78494164144283,17,394,332,4.67793562785795,0,0,0
86.30973191984276,7,2130,206,7.981789271364955,0,0,0
206.3670341386406,16,349,373,6.824686685921936,0,0,0
92.76232836605213,9,1810,499,-1.371049051974488,0,0,0
239.3576073132981,16,2322,15,7.479924606169689,0,0,0
171.54292152242044,6,584,80,6.84452419190892,1,0,0
177.44823698616213,19,1687,95,8.16176273421936,0,0,0
39.75303405300284,10,2800,289,5.790640221734506,0,0,0
118.07470697900885,16,1626,151,10.053739238050698,0,0,0
120.55375841356421,8,2302,255,7.543796520059792,0,0,0
45.734289189076264,14,1464,471,6.789191207352961,0,0,0
87.56480587009496,20,2618,449,8.787469684630851,0,0,0
141.8533912951657,21,2675,150,9.197850023810153,0,0,0
314.55514755835236,7,523,383,7.031545060175141,0,0,0
26.248634405102894,8,2020,238,2.8247098370774673,0,0,0
93.302856660706,21,2455,277,2.1461918205850945,0,0,0
53.63566365816068,15,2144,410,2.9585121689749814,0,0,0
153.16007863642443,14,2209,409,7.221221367131712,1,0,0
215.28285079478923,18,548,115,2.629961593756772,0,0,0
123.84122110228881,22,1725,27,5.853426888393416,0,0,0
215.31874482369423,18,1459,99,4.991749276897453,0,0,0
132.3195920766498,22,734,108,7.450603908596786,0,0,0
221.59206660169016,10,248,170,3.67273103226929,0,0,0
181.70989551983283,15,1685,361,7.403242891364557,0,0,0
641.6465792217617,2,178,4,260.92401074358435,1,1,1
161.5989233795316,9,1012,450,5.408413220393862,0,0,0
21.497200409763764,12,450,344,-1.6998364580672938,0,0,0
84.90648928578842,12,1360,483,11.834729211746826,0,0,0
268.72720593652974,15,2835,365,6.455003874569684,0,0,0
650.9948558718526,1,33,15,248.19627115277854,1,1,1
47.995029915842565,16,957,272,7.827635685360415,1,0,0
45.835075364170095,10,770,27,3.22078359670331,0,1,0
40.05235241056735,18,2567,67,4.369499276624295,1,0,0
132.84876804141243,22,857,134,12.324513026508404,1,0,0
50.191756523029376,14,186,147,5.786644196710565,1,0,0
95.9576259967734,15,1836,432,3.9196821420854393,0,0,0
80.80604719246651,12,670,405,12.242651936716198,0,0,0
215.5857655242783,13,149,417,-0.6301561920482097,0,0,0
25.759420374858156,8,2441,436,2.9608003171988595,0,0,0
168.98133058246734,6,118,350,1.7468863746286312,0,0,0
127.73065826295536,10,1373,88,2.748916914374567,0,0,0
147.64739143372566,12,1130,461,4.17009239251566,0,0,0
164.3872721392027,18,1241,340,6.194084089885609,0,0,0
18.352686924648626,7,2480,343,7.969580421757998,1,0,0
18.552509628836667,21,2619,282,6.86583743285663,0,0,0
90.59606854318397,19,707,173,2.6304576828522364,1,0,0
185.6929521875479,18,2068,375,4.38431485233257,0,0,0
143.20983753323847,15,2330,400,5.4352419485277315,0,0,0
67.67481848786711,13,1305,327,5.865896452695139,0,0,0
95.47108858732972,20,1370,209,6.3155053086972135,0,0,0
87.28195138926117,22,902,428,10.31050284694182,0,0,0
174.15478652375438,19,2253,409,4.70009066054929,0,0,0
157.48861967871252,8,1073,397,5.530958934365182,0,0,0
63.537767466959636,6,410,26,-0.41166737802608644,0,0,0
810.7128956560126,2,131,16,203.4668580857674,1,1,1
132.74396359229735,18,1194,69,4.245257507703263,0,0,0
116.69024414619216,11,1045,276,-0.22511065924053142,0,1,0
107.08027905200895,15,757,85,7.038727055481924,0,0,0
119.2130064836284,6,407,489,4.878348153253295,0,0,0
87.79057537310607,21,291,196,9.670645509640078,1,0,0
193.51461967726323,8,932,489,3.04157454749059,0,0,0
47.875080766208384,7,2265,160,-2.5325050042043546,0,0,0
188.72598223920176,10,1596,182,3.093730679492734,0,0,0
11.192852624353696,17,2042,349,8.757847158858672,0,0,0
164.22169039434507,7,672,348,4.1656423090662855,0,0,0
69.55239840931934,10,1701,484,4.582849040638404,0,0,0
13.556485045184651,17,1974,94,2.8341100186246124,1,0,0
52.04381967580017,6,2044,254,3.1874971900524365,0,0,0
24.92164421011152,11,2996,208,1.2941585157011763,0,0,0
92.21454353404846,7,2423,433,0.06322215787455754,0,0,0
37.75320841760743,11,2707,421,3.6378992590416686,0,0,0
186.05796058142843,11,904,459,6.714225163156341,0,0,0
51.372095342668715,12,1805,497,3.3146525155099553,0,0,0
86.98236360136573,19,465,365,7.748030959373271,0,0,0
33.86897235731167,16,1166,468,-3.6996813408249967,0,0,0
63.92174586154902,6,1107,22,3.536020051378324,0,0,0
88.03880196970317,20,2535,445,5.084038746076668,0,0,0
130.35042707382814,14,784,136,5.0264844148021846,0,0,0
302.116141869844,17,1843,178,5.841597021665775,0,0,0
14.51242392502276,22,2285,156,5.836975384245422,0,0,0
131.21622470790314,6,1022,408,8.279711322746628,0,0,0
37.40592196211486,9,2991,72,5.6444795183498035,0,0,0
57.7102537017567,20,984,331,8.02401201287978,0,0,0
67.12481594729732,16,102,414,7.536578299655634,0,1,0
170.09535930203344,9,2653,337,4.233679357534372,0,0,0
86.19346306765745,10,1719,422,6.948094053012579,0,0,0
78.79641102939433,11,1334,107,7.985633667432196,0,0,0
253.1196777786084,11,2243,454,6.652363205350292,0,0,0
41.658632856141665,20,760,132,-0.1635274758691727,0,0,0
87.2146117486297,7,1056,376,4.391247610968666,0,0,0
117.6215196612821,11,2975,233,3.022979725302999,0,0,0
186.8989062039602,16,2756,63,2.8364463294456335,0,0,0
129.05408734173676,17,1330,483,3.2858772427481693,0,0,0
230.7390131629516,6,1044,210,7.560264354476345,0,0,0
70.30100443303333,10,1948,444,4.706040659837926,0,0,0
218.25884337417642,14,702,154,0.6517408124677448,1,0,0
87.92073191359731,11,1622,387,-0.5044240889036669,0,0,0
21.214529482190002,19,466,295,5.596383765016561,0,0,0
39.18470867578831,11,319,483,4.207486970253997,0,0,0
240.6124320295549,10,319,104,8.382122031336667,0,0,0
140.3395281564429,19,1076,314,5.7326327076402555,0,0,0
87.83786468040738,19,160,326,0.7879961108567066,0,0,0
152.13079279589272,16,392,125,11.841497919432824,0,0,0
48.51886283037336,13,1545,335,2.6974650596976932,0,0,0
84.14881498212914,19,758,211,2.500115125272529,0,0,0
47.963118547559134,6,1617,20,8.859877430310586,0,0,0
33.958329455679625,18,1136,137,-1.1739002601902655,0,0,0
42.513663365190254,10,1696,393,0.7942757968512861,0,0,0
66.05472716907094,18,2646,27,2.9383204072579705,0,0,0
64.0749831772892,18,1574,438,4.51032071530728,0,0,0
206.0441935166629,6,798,25,2.4223005737107366,0,0,0
131.42513352324553,6,130,215,10.797378492348658,0,0,0
154.18075012928858,17,682,255,4.091115869377097,0,0,0
10.79574717452927,9,2980,26,4.296995266873809,0,0,0
58.64077365873821,21,139,297,4.171041094620657,0,0,0
42.53378003963973,6,2400,450,6.464314453157917,1,0,0
36.84690619127818,8,990,190,6.33669374383247,0,0,0
137.98867768284398,8,2140,203,5.50953409174709,0,0,0
26.01257668095161,18,1747,168,0.8091977255961229,0,0,0
285.37049997660813,10,2708,250,6.1364315884897795,0,0,0
86.43050106109071,13,2863,301,5.252971481726702,0,0,0
8.359972201580348,12,1798,248,7.798230825036736,0,0,0
42.31004402226446,16,2300,336,1.0634525674166522,0,0,0
166.98935578715844,8,152,287,2.257156067610074,0,0,0
48.16080771956873,16,1979,429,2.522047465920451,0,0,0
91.47950501985474,18,1300,108,4.381626478242077,0,0,0
376.0145413859501,11,1870,234,4.650468864959054,0,0,0
142.3694963722143,14,303,174,0.12320190002164466,0,0,0
17.827759135001113,7,1019,309,4.597564471200627,1,0,0
17.50939002120748,22,1953,432,3.908890651698454,0,0,0
207.93260539876962,11,2937,113,3.170297711384233,0,0,0
121.19673945653658,20,1729,112,7.484198229117139,0,0,0
299.1928027448563,7,570,476,9.183876164633528,0,0,0
97.93103708488948,19,594,180,0.9253649944214128,0,0,0
185.839030456544,6,1513,485,9.11013098351297,0,0,0
33.26721597872376,21,2038,235,4.56713617208978,0,0,0
123.55265235059936,15,926,29,7.280965626049573,0,0,0
65.36907174917371,6,667,278,8.30878319822798,0,0,0
119.59916976014944,15,2032,254,5.577680703597878,0,0,0
129.28658532217727,14,2841,384,6.418751253576486,0,0,0
67.15377493924387,11,1775,189,2.585826282744857,0,0,0
364.80536158954976,5,80,47,253.57579677905193,1,1,1
106.4063807661532,17,1877,282,6.640883286389871,0,0,0
68.4759919069465,19,761,229,8.312211827846149,0,0,0
41.2894805664643,10,2204,381,0.4754364369382138,0,1,0
273.7785802357607,20,559,96,3.240917942086119,1,1,0
157.7763647899571,8,171,84,9.414180645046411,0,0,0
80.34116716149985,18,2978,96,3.343825994667795,0,0,0
261.3179813007315,16,2807,39,3.2929179131744197,1,0,0
272.57984079901024,8,483,290,4.123974363460922,0,0,0
117.71325318275491,16,2830,198,3.670715378131788,0,0,0
123.87180592390443,21,1392,105,5.596849089449929,0,0,0
132.57492852609357,17,1067,362,-3.7133931897312618,0,0,0
76.29084904025063,7,2464,196,6.419152784699639,0,0,0
102.81904551025158,11,304,15,5.282372803367829,0,0,0
75.71901780668216,6,1318,73,0.2796507196933442,0,1,0
129.3809478353937,7,841,15,3.222471304361209,0,0,0
33.72942357877795,8,294,80,1.2995072481652898,0,0,0
34.923087273519826,16,236,333,3.9012749075654614,0,0,0
29.634779287491554,22,1111,397,9.337593978926092,0,0,0
121.10231765133683,20,773,53,3.4988417296386976,0,0,0
104.14355449177472,9,2285,165,-0.36419648511409797,0,0,0
12.120287851014947,9,2755,61,5.295495044074043,0,0,0
171.04277236987213,19,2609,486,6.67191288134146,0,0,0
54.49855082987434,8,789,155,7.760034380016188,1,0,0
42.73989053737681,6,388,322,3.80557396823459,0,0,0
96.78475817873539,18,2946,429,5.6610554878206365,0,0,0
136.8519751156581,11,1196,444,3.2107474442200457,0,0,0
101.25952428748765,14,1671,173,-0.10640319992410685,0,0,0
27.097957505777853,10,1815,249,5.336963496409437,0,0,0
103.18135804872111,22,1025,293,2.774049715724166,0,1,0
106.05844210133195,12,1226,476,3.902600981619493,1,0,0
170.84363184632977,11,1562,132,6.131276281227429,0,0,0
69.72512629846753,21,2873,296,3.435796724543742,0,0,0
122.99575392255441,14,1356,367,5.448068604397355,1,0,0
339.82660991122435,20,737,492,10.42854475555582,0,0,0
212.76861382407475,17,1044,314,7.354344752042568,0,0,0
127.77994687736636,20,1427,84,2.773255959301393,0,0,0
43.40631578079887,8,2286,60,5.221798361091507,0,0,0
88.39117546202196,17,778,326,10.53169607600585,0,0,0
114.25501141280002,15,1198,336,2.5785800510619916,0,0,0
37.89836337455766,17,2986,330,6.143732799434218,0,0,0
145.83592056587028,7,983,141,2.764029548878728,0,0,0
25.565303896414836,11,511,462,4.885579743675053,0,0,0
134.72345230675117,10,1711,28,2.091489482462032,0,0,0
70.26954413474004,18,631,204,3.3766238823954717,0,0,0
258.0642994828331,15,1594,339,9.587912583460657,0,0,0
96.28738323679615,11,1928,372,6.421802297634052,0,0,0
132.32910094752995,21,564,50,9.556155058150381,0,0,0
56.14696222124922,10,1914,284,4.3627132102686,1,0,0
109.4683063846916,16,278,477,5.544539994522663,0,0,0
691.3836643890062,3,172,30,170.38795775935927,0,0,1
232.48572061153254,8,2736,217,1.7903140127584898,1,0,0
8.4431422697952,20,2721,391,3.9478686661295113,0,0,0
21.49845393040603,21,2779,402,6.145899372572285,0,0,0
53.85405501985249,15,2606,59,5.04894680505733,0,0,0
38.17062207290489,7,571,173,6.774246527859158,0,0,0
107.47158284952292,6,2875,420,6.231596043227755,0,0,0
145.1638952601131,19,1129,305,4.249436500378511,0,0,0
91.8789657136798,7,1419,21,3.8987887820549827,1,0,0
913.8899936287246,2,1,46,212.47254729650362,1,1,1
119.78951634058863,15,528,134,5.328222797060175,0,0,0
87.1474437759646,20,1524,54,3.1277038630228695,0,0,0
154.41489549102886,22,1556,446,1.6394496839383845,0,1,0
157.5799612420665,7,326,381,4.660758992341294,0,0,0
132.61271013577047,11,2235,246,4.560324392924963,0,0,0
56.071748376004926,13,1672,416,3.355500932092261,0,0,0
40.20584410638248,7,2434,120,2.265994090723711,0,0,0
147.64810798521265,12,1434,59,3.9551196392556287,0,0,0
79.87751738594994,7,1673,230,5.958898027752429,0,0,0
8.24153031375746,16,1091,86,3.351920435193675,0,0,0
53.56599473488075,18,1171,153,2.065033377224171,1,0,0
118.51755575086457,17,2972,203,-2.8811960704244983,0,0,0
65.29410331095646,20,1490,448,2.836849911431033,0,0,0
15.513902774618135,22,1729,474,0.033893355782595336,0,0,0
92.81993152844124,6,1824,180,10.053045548374943,0,0,0
66.49709291026905,22,2569,437,4.1298876811808825,0,0,0
181.01063794404826,8,295,172,6.522262783499866,0,0,0
233.357190269492,9,2905,466,10.588239477071788,0,0,0
191.543500942969,22,2230,357,3.1700461354443696,0,0,0
969.0270176796447,0,82,7,247.7042551078314,1,1,1
231.81783288492136,10,1090,489,10.113953017784405,0,0,0
126.36514551757827,12,2461,440,4.337173215485718,0,0,0
85.16568761724285,13,1747,355,8.314825766692916,0,0,0
48.5897677319648,8,1957,191,5.478943308223709,0,0,0
20.455056252727303,17,1024,361,5.290910530282549,0,0,0
69.5926092479573,19,1899,175,5.977522556443774,1,0,0
691.2808683047762,0,117,11,310.1006962329808,1,1,1
111.88717668912678,11,2847,131,10.795821124277268,1,0,0
34.7757351742211,10,2487,73,5.744821798734337,0,0,0
73.68292236673393,15,890,184,6.436456244639226,0,0,0
87.73279271927547,17,727,197,7.443274695849773,0,0,0
166.62803080479853,11,749,478,9.953709736061858,0,1,0
62.7607501296915,8,1205,53,5.65224972706014,0,0,0
80.87225544006532,15,2328,196,0.21308971733095028,0,0,0
115.39008325278365,14,2342,13,9.676394208493665,0,0,0
114.80890266760386,17,2772,17,5.098123268806304,0,0,0
234.44743114471143,13,1795,210,7.427348204725761,0,0,0
77.62497527164813,16,1736,366,8.324128575149702,0,0,0
185.87822964365574,6,2899,141,0.9676915514527593,0,1,0
182.8036406448466,19,607,135,4.338071749652683,0,0,0
245.14599643801645,22,2208,133,9.36674245546806,0,0,0
140.69916380930482,16,860,435,6.727713310797008,0,0,0
98.63865792076872,6,1891,227,5.239269580697648,0,0,0
31.217200286566104,10,1039,376,5.365444117324574,0,0,0
89.04857455226599,8,957,358,3.7740922623899893,0,0,0
110.36300602413309,20,1690,404,4.863605071612986,0,0,0
64.92709004669199,19,1974,357,8.97790991142527,0,0,0
174.2990869789779,20,672,260,6.266325780469717,0,0,0
46.131252186228814,10,407,392,6.252185392201751,0,0,0
17.375325468357246,18,325,461,4.619791892642281,0,0,0
57.72289535327677,20,2203,165,12.454909860759962,1,0,0
67.71339108745917,15,2604,96,2.585121739687582,0,0,0
54.556897106561465,13,2107,115,4.969502837771669,0,0,0
84.52789750526357,13,2825,189,0.5310877356916723,1,0,0
102.83386444839368,6,505,138,1.4801913319882098,0,0,0
79.35253959845835,22,2990,130,0.9660529175917247,1,0,0
20.702419525741217,6,2650,364,8.251762899606824,0,0,0
238.86286491892724,9,305,182,6.6600907063178685,0,0,0
19.091460715336325,22,992,383,2.3263491558743015,0,0,0
278.0005288073351,13,2977,52,2.688851183851629,0,0,0
34.35309470801628,18,845,53,3.301614234177296,0,0,0
128.89115132131548,7,213,299,6.210406754323752,0,0,0
299.6853320952446,7,2083,235,8.609143556617774,0,0,0
81.63355972257303,18,1719,346,1.6594423027160223,0,0,0
613.5792300015487,2,177,31,101.72220542617474,1,0,1
141.90363482361803,21,2287,425,2.2522258182127186,0,0,0
59.005677090876866,7,483,160,4.640176179120583,0,0,0
15.365710351772687,20,1466,204,4.189169716969506,1,0,0
179.25620190237524,21,2174,31,3.596533451503202,0,0,0
271.10377598892137,12,1336,472,5.846007875050567,0,0,0
85.55282992469859,19,580,172,2.971276375272728,0,0,0
489.5814471621137,4,65,21,118.30385204703563,1,1,1
177.28620892406653,21,286,388,4.908791700408504,0,0,0
84.34300706641706,15,2992,142,5.750885930549127,0,0,0
9.800285791989173,14,2531,220,-0.5858504046221418,0,0,0
158.55421638251852,16,2874,292,0.8951931838231131,0,0,0
24.999313863169043,16,1646,285,6.077907740257265,0,0,0
41.91608988503628,10,997,63,10.419604014378,0,0,0
16.96302561854122,18,2498,287,5.137614334653695,0,0,0
23.554861952753697,15,112,485,4.154592857939829,0,0,0
98.65154041163018,9,438,288,0.7458202340931903,0,0,0
199.19768415392622,7,1437,346,6.352674125637545,0,0,0
46.694070847711316,14,413,137,9.797470053585844,0,0,0
205.11312286036053,19,162,35,5.858584277144066,0,0,0
16.545271384020214,22,1604,364,12.913084663891704,0,0,0
26.554850562815506,9,409,406,3.496261585299564,0,1,0
19.6911191053562,12,2115,294,3.638622544507749,0,0,0
74.35792550382901,20,1214,338,9.7095993087799,0,0,0
78.4092645628409,14,2086,155,3.6029142796434908,0,0,0
84.69649146184788,10,916,306,3.5784053895214134,0,0,0
164.127805777973,17,1857,459,3.272165565728816,0,0,0
48.314073820424994,21,203,318,6.290197061525955,1,0,0
91.50511618143933,15,838,308,2.25157545025597,0,0,0
35.034094972870705,7,921,405,0.2852657639624665,0,1,0
22.577688204348735,22,1388,420,6.379341752150939,0,0,0
208.1782320429328,20,1304,217,1.8922670449626309,0,0,0
43.42488659908755,19,1603,85,0.8437151956565279,0,0,0
200.54352489901729,19,2177,75,3.191105299543521,0,0,0
32.709944175542596,9,2025,324,4.8172465016876505,0,0,0
210.64022903057395,18,2430,131,8.402884381664638,0,0,0
29.75036272606863,7,504,328,1.8086311516939046,0,0,0
169.84985914777684,18,937,470,9.512642848489769,0,1,0
32.3766342779513,14,1835,163,2.618640427943091,0,0,0
39.63293209125587,6,1330,439,8.415246561967129,1,0,0
76.14436876374037,14,2353,107,4.81447974811795,0,0,0
90.70037707360828,21,593,87,8.424392953916753,0,1,0
69.94263059006393,12,974,68,5.028395582068045,0,0,0
138.02916220818082,8,2258,39,3.781272653391416,0,0,0
130.25999053828642,17,1137,424,0.8496124645149026,0,0,0
78.61964820006544,15,2768,248,2.6319589638471124,0,0,0
60.517115597593,15,2864,99,8.105386748530199,0,0,0
35.202371730834855,16,1003,403,5.230949424221462,0,0,0
226.05461292663742,18,970,217,5.439527602875329,0,0,0
91.13852869591112,16,170,410,6.4390392185298895,0,0,0
59.473939826642884,21,2883,110,5.448258420527591,0,0,0
198.2202061320795,11,2111,277,6.948291398609188,0,0,0
121.27062634495147,12,1592,427,11.557134993842464,0,0,0
140.13516879447837,9,1450,118,11.445448547446327,1,0,0
55.83854064755932,19,585,226,7.459664461945391,0,0,0
56.43148547347286,12,2563,467,-0.542225153583745,0,0,0
121.84317903327886,22,1389,105,8.549681521138538,0,0,0
70.86551300157075,11,1369,239,7.049781168509977,1,0,0
109.65985318776804,21,2543,293,6.859427322590903,0,0,0
177.16855435913808,21,1562,411,7.666319351033453,0,0,0
60.86594068293271,8,2270,172,0.3668679399548411,1,0,0
112.20502805574726,9,1059,262,10.155221217945385,0,0,0
83.10100667270092,14,961,343,1.1765213525029319,0,0,0
644.0913149896074,2,182,28,225.1249848064645,0,1,1
169.17208367011088,6,2141,206,5.70493362444874,0,0,0
23.86199723249696,14,2681,246,3.2391029387230335,1,0,0
59.02307068025574,22,2861,384,5.957480870275972,0,0,0
127.57007637451478,19,1362,51,5.179303512119848,0,0,0
154.32380178261397,11,291,386,3.232729332405796,0,0,0
111.0166924111716,7,1856,446,4.872894768374981,0,0,0
75.94201803550096,15,1902,117,5.953725152287025,0,0,0
145.59214642259417,20,2318,300,7.375389238410412,1,0,0
149.58508856873434,17,1845,350,4.359583592001743,1,0,0
161.44238381081934,8,2766,307,5.634801141765521,0,0,0
105.30828186740817,7,2011,150,4.119783452473865,0,0,0
100.48976566917165,22,2778,171,-0.5813439997729208,0,0,0
228.76043733410452,13,2199,154,2.307525310498371,0,0,0
239.49070113856737,16,1078,92,0.1013664845288833,0,0,0
17.844701220316264,20,1451,373,9.25471634871887,1,0,0
59.046590399365904,14,1235,28,4.694839923340865,0,0,0
200.57586781704237,22,110,136,6.330571215387245,0,0,0
52.528433711083345,13,1957,395,4.002028458310482,0,0,0
240.23327667711465,12,375,121,1.731950010243502,0,1,0
96.7501602919116,20,2111,345,-0.10638611961516453,1,0,0
71.52298863153166,13,168,413,4.029686397366188,0,0,0
169.06461021651174,18,1816,430,7.582174031720353,0,0,0
174.61632817617766,9,549,273,6.301247662659038,0,0,0
69.8518229471862,9,1151,63,7.710316587463412,0,0,0
20.76410638484604,20,2048,155,3.111943700939945,0,0,0
35.47698119291235,7,1286,329,1.9802287507706877,0,0,0
34.386410585738474,13,1340,462,4.095910638679443,0,0,0
39.74642827868317,7,2633,294,3.8115617301880347,0,0,0
56.28161778870119,11,246,182,6.7382569486969075,1,0,0
23.11575981793011,22,598,418,2.972558086900042,0,0,0
82.34898819588314,15,1391,439,4.706507563700169,0,0,0
148.50300471065697,16,394,23,6.721061090007661,1,0,0
185.9105561990023,16,831,451,4.028202497143345,0,0,0
124.81832210682091,21,1899,82,4.564246117235034,0,0,0
137.9078261433455,13,821,197,2.957351286476304,0,0,0
54.70660313101226,11,1267,470,7.2803551287690835,0,0,0
174.9263024013403,15,504,238,6.109320311345169,1,0,0
121.09222270489903,10,2767,380,6.970841336972836,0,0,0
83.6722711746175,9,831,323,1.5968108518805306,1,0,0
21.33535589230548,19,2846,252,4.704821051746285,1,0,0
53.548322195322584,7,2666,342,9.994405487721357,0,0,0
95.82858718888062,16,666,297,0.4181129287165728,0,0,0
85.81059710538368,6,2063,157,6.790586543222788,0,0,0
18.801759437107755,17,1259,450,6.084246571315939,0,0,0
49.67833954260352,21,1817,488,3.8211739945807865,0,0,0
105.082307833949,10,1992,248,2.215572085162848,0,0,0
47.96038921616739,14,2339,449,5.013803261291417,0,0,0
194.78005263213504,7,236,131,8.75926675190623,0,0,0
69.86812300972787,16,818,355,7.811981875462631,0,0,0
81.69468471619298,18,629,240,5.35463597420581,0,0,0
154.9594466860651,18,505,115,4.279015287700956,0,0,0
40.52897793633623,8,2777,260,8.870783387138193,0,0,0
72.42533041938849,17,2487,105,1.5935999125694904,0,0,0
189.17839016544428,20,2091,264,10.57693308333026,0,0,0
74.1966895351419,20,2126,159,6.679101417234266,0,0,0
325.60973451641723,1,187,42,205.8289256006232,1,1,1
767.81748873733,2,45,32,223.95015716963795,1,1,1
94.54616478142775,14,2790,204,8.45338821787457,0,0,0
37.79740521054802,8,1888,202,2.5797608593715333,0,0,0
73.0046868228772,22,1634,31,7.258046945858172,1,0,0
96.52107607391893,15,1637,39,1.5388016278271435,1,0,0
262.0187422090521,7,683,24,5.579960974263398,1,0,0
32.617989840199755,7,2492,215,7.780600657255874,0,0,0
150.22457122271857,11,943,301,3.7696212644457314,1,0,0
42.85795448107593,9,1010,206,1.7169056073495699,0,0,0
21.292278714920656,11,2132,53,5.358800788001313,0,0,0
142.03333102819636,21,1873,438,-0.7306357863594091,0,0,0
48.31265550190743,7,2013,269,-0.3010310950166506,1,0,0
119.08189794823723,15,598,347,7.371135575128557,0,0,0
33.16394274259836,21,2077,255,1.3367676077357977,0,0,0
125.29062476435695,14,2885,81,4.721051625231496,0,0,0
25.840658730504522,16,2423,173,6.890446329283584,0,0,0
123.49072367156066,14,2093,184,5.3949337007578535,1,0,0
90.92630021803681,20,614,104,0.5717987246848342,0,0,0
121.76886100138739,10,2125,463,8.233705218359976,0,0,0
43.450204890806866,15,2808,307,4.607788799860286,1,0,0
112.93081588611574,16,2563,377,5.562616353241886,0,0,0
65.88058306673074,6,971,41,7.280640488990352,0,0,0
48.204379864748525,11,629,253,4.4931043800124675,0,0,0
79.66911367998372,9,2132,364,2.178619130642728,0,0,0
114.790031394319,16,2043,173,3.361666991784291,0,0,0
75.4746734928488,8,2203,447,4.952246464993273,0,0,0
86.50479395465496,19,589,376,8.14355339439547,0,1,0
261.13550565885953,19,1267,453,9.863680639178684,0,1,0
117.21276777490107,21,1888,227,9.949351058722405,0,0,0
9.519934274989236,18,2133,213,1.747369760660563,0,0,0
68.84133598229398,20,1593,439,5.073222018599487,0,0,0
93.6553139993324,22,1168,496,8.614023319981113,0,0,0
77.71201721150092,7,743,73,8.149982502351705,0,0,0
117.7652814293246,18,1408,255,-0.19763207306306096,0,0,0
21.732009749824158,6,1090,88,1.2401131180902052,0,0,0
190.2703337074821,22,2515,390,3.026637832113268,0,0,0
111.84382988080507,22,1358,115,8.591559453867283,1,0,0
207.31395120634838,8,190,443,3.8108134394706363,0,0,0
148.3073799540146,8,1043,430,1.958582202080411,0,0,0
51.142886688707854,13,436,140,8.16457720763266,0,0,0
68.962424035216,17,820,473,3.1642336357646896,0,0,0
101.31767429703172,17,787,471,5.086372441215445,0,0,0
100.9765763005804,14,2221,424,8.545284186984484,0,0,0
137.93020379102182,21,593,185,4.0131677439280935,0,0,0
48.57387263925544,12,1217,292,8.580934596719683,0,0,0
304.5048109917565,6,1876,223,1.6020087393210574,0,0,0
99.38453495575665,18,1419,180,9.540008835067177,0,0,0
103.71871300803512,12,2995,430,5.848838553522454,0,0,0
153.17679546241183,18,714,99,6.188598201152539,0,0,0
73.42981581675016,9,2483,279,5.06661180362791,0,0,0
23.147254211089074,13,2845,246,-0.42506929725223763,1,0,0
467.90416067447387,0,136,11,128.6586711609329,1,1,1
33.58770434498105,18,176,480,1.824488837012563,0,0,0
215.97688218958373,14,2340,56,4.592218130432698,0,0,0
58.26514607338906,6,2532,258,3.149507368633187,0,0,0
47.94171832010451,6,2881,385,4.143488909086655,0,0,0
49.706416995339104,8,1152,93,3.3369860980600072,0,0,0
49.25447856009797,17,2707,121,2.842979996955788,0,0,0
33.156929871566064,8,2059,416,5.433030401890082,0,0,0
257.8653644440725,18,1236,311,5.42842817732775,0,0,0
106.84044836606465,15,739,290,8.87490568028134,0,0,0
119.40512106543464,17,1438,203,6.600943986106661,0,1,0
78.4548598176049,6,2777,199,5.018634066865358,0,0,0
76.6137195270357,12,1185,340,2.419421913732505,0,0,0
91.34206402831549,22,181,434,1.8609353798888746,0,1,0
157.73145361982083,8,1787,359,5.149408372708497,0,0,0
75.34600105005238,22,1953,313,5.218173882209862,0,0,0
112.99941511884875,9,2909,203,7.310751343913199,0,0,0
26.65464210649853,18,895,244,6.066295772281248,0,0,0
56.99549153433252,14,2917,250,10.805961009795212,0,0,0
64.93013216963183,20,2905,406,10.09229654401031,0,0,0
125.72095756399435,20,2647,444,8.636476065650992,0,0,0
110.13072578760048,12,1754,355,4.738231960451163,0,0,0
71.44731709809616,19,251,56,7.818738237065537,0,0,0
91.32392813104,11,1951,27,4.303086518791492,0,0,0
64.24830395894975,21,944,410,4.020129532743297,0,0,0
57.75731114590097,21,753,269,7.361092510614841,0,0,0
139.50868959849424,19,1714,395,5.706164781644038,0,0,0
9.050560856057931,18,773,230,5.192501376874023,1,0,0
172.76567787799536,18,2868,395,7.231705030640879,0,0,0
23.47731025677764,18,1667,422,5.238514197103093,0,0,0
61.90632207338974,20,592,326,0.05940842512146194,0,0,0
142.54853119785912,7,819,256,4.262363732748698,0,0,0
177.00267432075438,20,1352,282,5.103874216277738,0,0,0
10.705254095300031,6,2450,428,5.306224748742151,0,0,0
159.06048909014444,13,779,479,1.351022501614703,0,0,0
36.95888552852585,22,2013,390,12.935110371245475,0,0,0
41.28158672526314,17,2235,251,2.7963257094035856,0,0,0
72.01249109494127,14,2684,487,1.2518143908214165,0,0,0
13.175757281432086,7,2722,157,3.4485887586537127,0,0,0
61.40472905318427,13,2094,413,5.490216422067212,0,0,0
83.11570277167722,22,2777,226,-0.6625957090243775,0,0,0
112.97061712941047,9,491,320,3.3119239266793015,0,0,0
131.30317392773193,14,824,346,8.053059238209077,0,0,0
49.76456925210701,18,1745,196,10.021704766226181,0,0,0
153.2891833678714,9,2069,48,1.3754635290632358,0,0,0
104.82271493622426,11,808,77,4.007065479159183,0,0,0
45.20421464042588,14,2244,377,6.019171578124271,0,0,0
113.92387472685223,10,291,414,0.5114025377719944,1,0,0
46.79416003741731,22,1819,79,2.6848663394583787,0,0,0
24.098246438897462,20,242,308,-1.5960784366874936,0,0,0
59.89913265681949,22,2696,48,5.510606148480096,0,0,0
163.45469547766015,16,2688,477,-0.07804484653281119,0,0,0
135.34896441746116,15,1773,379,4.316336055348014,0,0,0
64.92489006438122,20,1742,314,3.4484507485817946,0,0,0
73.51343886787326,21,982,378,10.80316558372559,0,0,0
96.6756785649333,12,1778,485,6.854327307621766,0,0,0
238.35042239532717,14,2873,292,8.140024481842811,1,0,0
119.46356714719704,13,1212,252,9.726168422168495,0,0,0
31.51728377180544,14,2217,300,9.598800111606671,0,0,0
52.87580289353813,17,2354,146,3.303466135347061,0,0,0
132.93085076744592,19,2331,462,2.7187454005658793,0,0,0
196.0065370297258,18,2704,364,3.1544369728531785,0,0,0
121.19571041879323,9,745,373,10.335965379614745,0,0,0
149.15489258857514,13,1252,390,7.422385506837335,0,0,0
89.758042023944,7,220,258,5.206537193851558,0,0,0
57.05954736424243,10,1074,440,3.183821228217383,0,0,0
230.2286337937732,12,441,272,6.683201252077749,0,0,0
62.05896602618031,6,1522,207,4.362264116034296,0,0,0
87.37849385045027,12,2936,187,4.79831131354704,0,0,0
81.56984180240599,19,239,178,7.279768229142414,0,0,0
160.8824608573725,21,1966,163,3.207905703387552,0,0,0
234.27786725225525,16,1937,281,0.006569794000333751,0,0,0
48.177106969731675,11,1334,342,7.9895739016897425,0,0,0
95.57288033517824,7,1351,16,0.43661014491626204,0,0,0
800.5660150055245,3,18,24,124.67329849048005,1,0,1
50.78552919827184,7,1556,385,0.31073150551875717,1,0,0
34.67688299723875,10,1045,280,2.752353148733233,0,0,0
121.1462972410616,18,2981,34,5.087308124975068,1,0,0
41.21054801571102,11,1074,80,1.2789372435470838,0,0,0
128.36686929082137,18,516,48,8.43853478211458,0,0,0
142.5694505554914,15,1604,107,4.8164346866629355,0,0,0
151.85964564431436,6,1721,96,9.867495022703041,0,0,0
64.90663384022756,9,2648,174,3.4894875143381032,0,0,0
40.05266355597494,8,372,98,3.982289098221136,0,0,0
45.02872189514607,17,1947,325,2.5355914129110495,1,0,0
108.18671959558985,14,862,133,6.561659173197281,0,0,0
119.33403549184918,13,189,499,4.342904556942567,0,0,0
104.01118352851447,22,1300,323,3.337834119761649,0,0,0
50.26422403590488,22,589,438,3.3220101855882644,0,0,0
66.43549641512568,11,474,419,3.272354862625037,0,0,0
68.76309009682845,9,1049,14,8.901580575788017,0,0,0
94.89177871785353,8,748,319,0.9678661145844671,0,0,0
61.925852006508975,22,2142,278,5.074290614287408,0,0,0
228.91455796558122,8,2482,125,4.613302447645431,0,0,0
69.11511471659003,16,2466,108,4.4751663019960635,0,0,0
91.45974493497805,6,2927,282,4.016174239197923,0,1,0
111.26895514015524,16,1790,399,7.94695844826633,0,0,0
24.574369084857643,7,2478,436,3.845613397480804,0,0,0
319.6676163392528,15,641,56,2.9217354269058724,0,0,0
39.34600271889659,13,2618,361,9.104295445291438,0,0,0
53.46030875694435,20,2999,219,1.6687227522426724,0,0,0
69.11417921854768,19,1287,175,7.532849684292254,0,0,0
38.273872432743936,10,2762,229,7.809512350191464,0,0,0
147.55442616816282,17,2239,427,4.592435850835266,0,0,0
236.92682281918604,14,1981,480,7.129352871751064,0,0,0
51.38429623306073,7,1116,436,4.703325702809224,0,0,0
112.2302771015884,11,341,28,3.9986633874833384,0,0,0
53.57770385005427,13,2243,475,5.273302599818367,0,0,0
80.95366590392995,11,2591,270,2.814042757039469,0,1,0
11.57421595356351,14,2382,295,0.5772881633137708,0,0,0
159.75714196865346,8,1305,218,3.712808369295626,0,0,0
354.66104122516253,13,948,296,8.434278834356892,0,0,0
120.3650484962888,12,2394,180,7.557787409885308,0,0,0
99.22746891250883,13,2815,499,4.714070836851948,0,1,0
161.45872426706362,6,1405,367,10.85255540710379,0,0,0
77.11163254130902,10,2928,52,5.768665508245935,1,0,0
106.40723931434563,17,2335,199,5.3724697729139095,1,0,0
22.498745174624172,17,624,17,3.1253707467033496,0,0,0
44.71685577756473,20,750,331,8.549971431329471,0,0,0
52.27880429080094,8,2535,335,4.5153320491223345,0,0,0
121.07683323514817,12,533,346,7.337089602890388,0,0,0
291.4802548841495,17,2949,102,3.8570107821998274,0,0,0
35.63490120851062,18,2203,313,7.865971406372767,0,0,0
32.44892485169989,20,1129,390,0.07233993910063674,0,0,0
95.24932636965343,20,1083,466,1.5884636725923196,0,0,0
62.7931129390637,9,2807,24,2.551886313817185,0,0,0
131.22932575280862,6,1710,325,8.281092922074324,0,0,0
56.568792992840535,20,2898,34,3.305054266903772,1,1,0
330.89106677353857,3,82,37,170.64423646899263,1,1,1
15.654561205171444,11,329,43,2.238251317982363,0,0,0
227.91473751876623,12,204,226,1.0372240818100966,0,0,0
99.35340884489176,15,2096,484,3.2355369290367486,0,0,0
90.32203804921257,22,1329,468,3.484949448897992,0,0,0
29.227207851053507,10,1015,115,5.813321104691099,1,0,0
33.4569421970238,16,1425,487,5.880946321589211,0,0,0
450.3784224353791,0,183,24,241.0116199152992,1,1,1
101.34572952986815,11,744,393,0.08718524762998481,0,0,0
97.92285457808302,9,1605,492,5.944118922663406,0,0,0
204.83463955391582,22,2332,83,6.269637123371053,0,0,0
40.38068917096919,20,1880,384,1.586786012565823,0,0,0
73.91461002798299,18,192,211,5.600044553515245,0,0,0
69.6580673603791,19,2153,353,4.823705863169812,0,0,0
139.1363808830199,18,2950,297,2.306037075366834,0,0,0
23.781980461250214,21,2267,418,7.2910931475441405,0,0,0
40.89060954067802,17,2657,119,1.2612079581967084,0,0,0
16.240027374343917,18,1948,26,3.5456279709293206,0,0,0
14.649453599078901,8,139,218,4.388818615875206,0,0,0
191.2974088798562,20,1620,111,-0.044731299302321226,0,0,0
169.09798811769033,16,2348,319,8.0482805649409,0,0,0
46.64903136964815,18,335,110,2.885533487006051,0,0,0
81.05379251929,7,349,269,2.8445584407203257,0,0,0
95.96860457044215,15,2754,98,5.589690642927393,1,0,0
172.0262124128249,17,2470,20,6.205756865521769,0,0,0
70.9019260963755,19,2661,301,4.314984994101673,0,0,0
17.82885070653486,14,2540,55,1.6335402863570083,0,0,0
64.53238879337732,8,255,484,5.3587960346523476,0,0,0
52.947059291404216,12,2720,412,3.082308316159604,0,0,0
106.20760024167461,18,2950,287,4.716128622052134,0,0,0
50.11017201482563,16,470,127,0.7726792167320689,0,0,0
210.22859688518926,13,2083,463,3.4342797496849116,0,0,0
117.4028353608541,13,1811,450,3.1701911166600185,0,0,0
84.00337994127285,8,2775,416,4.896434600506067,0,0,0
119.68396949346183,14,2786,218,10.514551030385368,0,0,0
381.5525793161489,6,2896,247,-1.7838730802504106,0,0,0
33.49437222923412,10,2073,197,4.439342508858047,0,0,0
60.85383165885055,16,240,105,0.3320899210462791,0,0,0
54.18809855085859,18,1041,307,3.0367943144944554,0,0,0
72.54222915185352,10,2753,209,6.1062141778307915,0,0,0
138.440607309468,6,2604,268,8.428099748705549,0,0,0
98.67749958437052,11,924,374,12.172298494303172,0,0,0
20.910671680049166,6,1101,297,3.2834177891196696,0,0,0
171.52618254087204,21,2687,139,3.5378317511296844,0,0,0
140.66769039895252,10,2696,152,6.730381471741451,0,0,0
38.31020647028486,20,2042,210,6.016095106517556,0,0,0
275.96635245000647,16,996,110,4.757883043348618,0,0,0
94.68728532261413,14,1823,287,1.701058117852213,0,0,0
32.77933518697295,13,1379,281,11.884305774643353,0,0,0
116.4303720826078,13,1005,395,7.640855236951342,1,0,0
21.645610970384322,22,2459,441,0.8185068685612311,0,0,0
91.02532944155841,15,631,57,6.021962409236424,0,0,0
69.86843441404875,17,1183,155,8.348739171554376,0,0,0
44.34078054390297,15,1047,10,3.2441995973313804,1,0,0
115.12207578699893,9,486,63,5.19605178829329,0,0,0
82.7460894783098,12,1690,249,-2.072002673798437,0,0,0
52.211185627087865,11,1432,85,8.493750413605843,0,0,0
182.670836400452,6,628,463,7.277535508115783,1,0,0
927.2603731804345,0,5,13,184.11195529913022,1,1,1
191.4910306334837,21,2439,499,5.4252975768832385,0,0,0
756.7277520447146,5,69,26,115.25132807416936,0,0,1
102.74308252072433,14,1193,335,8.089647617390993,0,0,0
103.9465152390697,13,1024,400,7.462900653105201,0,0,0
106.05219696949611,9,462,254,6.662674111838118,0,0,0
68.37471706558064,15,138,407,4.251907695122163,0,0,0
84.92549187731582,16,1061,92,3.0851691029085577,0,0,0
107.39746304176754,10,2582,39,2.8139657991626277,0,0,0
25.85325405106157,13,2745,451,4.597533073723207,0,0,0
67.02892558644209,14,1084,10,3.976476257989967,0,0,0
49.85643217245973,9,1324,86,8.958906986731156,0,0,0
384.2572987023946,7,398,445,5.25523709593997,1,0,0
45.49170477611579,22,118,117,6.175011846845815,1,0,0
48.24223115461086,20,1262,14,-2.1292985690135904,0,0,0
31.847421161466006,14,684,48,4.751417982392254,0,0,0
116.36056816967026,17,1186,55,4.520944437535101,1,0,0
36.85608043662673,6,260,36,5.865233446148185,0,0,0
34.42269116213336,8,2859,352,3.915102429148523,1,0,0
111.47635476538618,17,1492,423,4.134823399099103,0,0,0
155.9345659432885,8,931,456,8.547697181182613,0,0,0
227.7716649261606,22,636,423,2.293428678583502,0,0,0
122.41427752112364,9,664,29,5.669273675179682,0,0,0
12.037129612269919,17,1399,104,3.9884355866264816,0,0,0
75.8017872864452,7,377,104,6.083599231254196,0,1,0
41.93046607414222,19,1357,69,2.3263444996797475,0,0,0
110.5352806322237,7,2313,21,8.20061026512812,0,0,0
52.81265659554618,22,171,457,2.083542805392016,0,0,0
175.7964954053397,18,1822,39,2.833193349038339,0,0,0
74.71173168951961,13,2142,37,9.530332039791233,0,0,0
81.09517778350511,16,1881,25,8.441184133521292,0,0,0
171.47511822325356,21,1548,315,9.63577150926423,0,0,0
211.7713017093707,22,969,441,-0.8977869824409339,0,0,0
64.19161611997414,22,916,126,3.2576956797486174,0,0,0
81.72826675161406,12,2996,124,3.4551544081185686,0,0,0
86.47589880975882,22,1054,72,2.0137891909257575,0,0,0
69.55210046215068,10,370,431,-0.9823865304377701,0,0,0
93.16693945367038,17,1196,194,1.4376037947846845,0,0,0
76.15631886556034,18,1995,215,5.994455786065276,0,0,0
109.3077258485468,16,1630,267,6.016674794655565,0,0,0
46.83032646557786,22,1311,69,5.396818371492264,0,1,0
17.515684706429056,16,1838,116,3.391483500128031,0,0,0
81.23694804204466,7,2627,240,5.205911145283146,0,0,0
126.59826792437987,22,1444,381,1.6761749872550125,0,1,0
79.16081611323574,12,2957,19,3.8918398038089466,0,0,0
138.76153867798683,12,1817,223,8.45365892235684,0,0,0
62.13721162880225,19,2146,352,1.4131286874343627,0,0,0
707.0696614635922,3,6,37,219.96140964696636,1,1,1
142.22219011956935,18,2414,389,0.33971660459962116,0,0,0
105.94872648693259,10,1487,122,-0.33828834655488293,0,0,0
21.969875885598107,18,1766,334,9.859473814947947,0,0,0
26.06832621263728,14,1378,202,5.501111002179066,0,0,0
86.36688247993418,6,1357,292,2.8381218272276967,0,0,0
71.91440578929942,17,1458,226,3.385291442026537,0,0,0
34.88003104958276,11,2842,147,9.214826987654359,1,0,0
39.60634790605055,8,2061,322,8.219748202777994,0,0,0
45.736946217600114,16,1922,55,4.460550105859879,1,0,0
35.6195937830436,14,2954,307,5.561886649469655,0,0,0
119.29040478013924,9,293,491,7.970715361115548,0,0,0
13.516718582550267,8,283,357,9.894715212964268,0,0,0
244.63415312816215,14,208,118,2.478177717591069,1,0,0
81.78125046093174,14,1568,266,-2.477029383790194,0,0,0
45.16334131179183,14,733,155,4.994790430172913,0,0,0
47.95224585148211,16,214,382,2.2753814531342886,0,0,0
47.44936650160976,14,448,460,5.485345737803774,0,0,0
61.81602377936611,11,988,198,2.321511208045761,1,0,0
96.77235040412215,20,2600,365,4.415970012926008,0,0,0
162.26975702019496,16,2256,196,1.790119530222254,0,0,0
88.7583853994625,10,1849,208,-0.009603000021192187,0,0,0
94.75054719728992,19,1234,269,1.1857376686245917,0,0,0
98.62954413514241,10,929,305,2.2080073461188388,0,0,0
34.64168132126144,12,2332,63,5.149013168900794,1,0,0
123.39867978075002,15,2287,303,1.0124445999653524,0,0,0
60.43471895534024,9,2359,251,8.64492053387671,0,0,0
145.04389465030926,14,209,289,9.374075826692975,0,0,0
68.1681138877228,22,1573,430,4.225757870407848,0,0,0
42.24250040298363,9,2607,476,5.0969906983867235,0,0,0
586.4597228434982,4,25,36,243.1271742307585,1,1,1
46.174659783563925,9,2717,330,10.514302123884907,0,0,0
45.685701026369316,20,2023,153,1.670141488891253,0,0,0
111.49354853668241,21,2963,418,2.7214800157806547,0,1,0
16.679158245499558,15,2691,364,6.786932172709158,0,0,0
89.91106042285972,8,153,21,10.23761400840547,0,0,0
50.03066919206388,13,1691,440,5.547587841192316,0,0,0
137.87561095752423,10,2317,432,3.2667484755374696,0,0,0
41.69502317706233,20,727,390,6.463716335222559,0,0,0
85.0808821276422,12,749,225,9.52414277425746,1,0,0
88.42786467842362,17,1388,139,5.071685290958898,0,0,0
34.00407209208808,12,2104,399,6.210310588613872,0,0,0
45.81794785589561,10,2527,82,9.516635575717485,0,0,0
113.41270798017904,21,427,285,7.249849911953737,0,0,0
46.608154804021,15,736,171,12.50493510540534,0,0,0
230.28434204843052,5,183,6,186.24392858724767,1,1,1
73.00447208756333,13,2205,269,3.993800238863515,0,0,0
303.89075419373495,16,1562,113,1.5354020609762502,0,0,0
85.63037402823078,22,2495,252,6.1334876636664735,0,0,0
774.6557740124697,5,123,15,192.6329886689247,0,1,1
65.70752875022232,6,1250,67,6.675952745041432,0,0,0
96.50012522505102,14,2513,21,3.3511862460054984,0,0,0
67.79933779528074,7,1569,303,5.087754439105626,0,0,0
78.23093225116335,17,2908,292,9.862927898748165,0,0,0
332.6341400295711,9,1709,237,10.713300524524222,0,0,0
364.8998894391435,8,1063,412,-2.9226930380311185,0,0,0
65.88706905695942,21,2868,271,8.807517969375137,0,0,0
78.62042352520781,22,387,97,4.207886714016796,0,0,0
67.09866101331731,13,1463,30,5.8890933177639075,0,0,0
211.4261233598065,7,2577,289,4.570652789108667,0,0,0
151.08499611293865,8,344,388,9.01076131269414,0,0,0
126.40904195795808,20,2740,217,5.063180595093079,0,0,0
127.36975452494524,14,338,221,0.5325607463026154,0,0,0
53.1221000363308,11,167,168,1.6760508738712776,0,0,0
9.94211805386398,9,2331,127,8.275838513868726,0,0,0
42.94816687074246,6,306,305,7.094962447268607,0,0,0
22.222195915717627,6,1955,400,3.8977682396155533,1,0,0
87.04381794471658,11,2626,146,5.956390073476801,0,1,0
116.86252465681687,22,1477,433,6.567685762625982,0,0,0
186.10802184721246,15,1730,433,1.9693327936644347,1,0,0
251.98137342843037,14,2385,438,4.910775037533848,0,0,0
206.57473160181294,19,1869,468,3.721194329970724,0,0,0
34.78982912737628,16,482,450,5.8928148283913675,0,0,0
51.077813361830636,8,2324,127,1.4719396032417187,0,0,0
155.50302880887384,16,2937,31,2.71912715730806,0,0,0
40.88973412584995,10,292,425,8.451822651779207,0,0,0
228.45315433733919,9,2059,191,4.6267180306807445,0,0,0
17.691494994186968,8,2593,13,3.8533182843015448,0,0,0
138.88953731287575,11,326,149,1.4805303229016804,0,0,0
618.9736273215058,3,189,15,155.46255682238683,1,0,1
81.86590490964826,21,2255,231,6.7453368791566675,0,0,0
95.84291856860622,10,1000,325,9.230641414443223,0,0,0
158.71905800490802,20,1974,97,7.540839505309739,0,0,0
81.99140942317639,13,2164,308,7.262227799474268,0,0,0
74.64371439848243,16,1930,265,7.6208855062235905,0,0,0
7.675674763949053,10,1355,265,1.5290645745731242,0,0,0
162.80067823395171,7,1737,23,11.311019309185161,0,0,0
53.54216112095247,9,112,378,3.3340758338418586,0,0,0
102.93701510109918,19,1392,84,12.534618790610427,0,0,0
99.71697603134065,10,546,53,1.8073354689934775,0,0,0
96.69752089440674,21,1817,454,5.15535155359686,0,0,0
198.76668689204112,20,489,385,5.032636274606691,0,0,0
104.35297612319987,19,1252,109,5.331168917323091,0,0,0
77.09409045530641,12,2511,75,5.943438417450214,0,0,0
53.94081804755055,17,265,333,6.236327483060859,0,0,0
66.47348222860937,16,135,323,6.068650129443387,0,0,0
219.59740925063102,8,876,158,2.854810338087721,0,0,0
54.20374175202357,9,192,115,2.5018843441836425,0,0,0
83.53010776662569,12,2886,276,9.524742209555004,0,0,0
60.107192710222265,12,236,44,8.171048848844407,1,0,0
184.26775054234167,16,1071,488,2.9774283189853197,0,0,0
181.11147533162318,8,255,204,3.278209976097927,0,1,0
156.3598608813155,8,974,262,5.3050561863418935,1,0,0
269.45154900212157,14,2611,253,4.708606672527088,0,0,0
175.2406278014148,7,598,239,5.358670773795454,0,0,0
135.51876025586554,14,1100,104,3.589269223090156,1,0,0
52.54575171541336,13,2801,217,4.286866873562364,0,0,0
58.164931691663746,10,2517,279,5.215642807156624,0,0,0
26.456902848374675,22,1937,74,3.511843062380767,0,0,0
47.17620873044154,6,2563,241,7.679733885101385,0,0,0
75.21176033070492,9,920,398,5.00055999390492,0,0,0
84.17542248458246,17,186,438,2.5148076356190527,0,0,0
51.42511121565884,22,1784,481,4.564770212889104,0,0,0
148.77561162511105,6,404,456,3.9082418195310904,0,0,0
96.3549254699077,8,986,150,8.000065145278466,0,0,0
51.51583082923244,10,1547,426,2.423561816237933,0,0,0
74.19999802629656,16,482,349,7.43361058358802,0,0,0
65.48423512877886,9,234,207,2.8169829354313274,0,0,0
96.67328350123589,13,2632,87,5.999720109567287,0,0,0
46.853614554166754,14,1931,294,-0.06837201494558443,0,0,0
116.62626295813787,10,2618,13,6.9881774795578,0,0,0
909.5410997684302,2,83,15,178.75843262371808,0,1,1
4.361702039501386,22,951,245,3.3004670143055836,0,0,0
26.759072313952004,19,1492,248,0.4352094721019917,1,0,0
114.15059323419602,9,1694,498,5.052366395757968,0,0,0
55.678569853310535,22,903,200,5.045681061852347,0,1,0
79.79892471284485,18,2206,457,10.419548631986029,0,0,0
82.46512394701323,17,2656,172,5.638849921014868,0,0,0
29.1860978236741,7,696,459,0.13581753163349308,0,0,0
125.85818552433534,13,1182,52,6.530682935508823,0,0,0
