money,transaction,anamoly_score
-0.8250408995611227,-0.5111922181135216,0
-1.4327426460555837,0.0003695452936113286,0
0.4516502383753658,0.12378108674468817,0
-2.876001844434149,-1.152632603003449,0
0.6934858837153745,0.6444298759739551,0
0.8943614523151538,0.24405964635346888,0
-0.01508100810233809,-0.9717903709413253,0
3.0835275491330734,1.3670296343416626,0
1.6755375664385734,1.0550068739048464,0
1.8571418951579335,0.2825348043147955,0
-2.472618798872535,-1.437028944774637,0
0.18245552398721923,-0.6199984291373175,0
0.9127283054782778,0.5443490735054101,0
1.9002070111438356,1.2061990221877203,0
1.0938197551457571,0.4384684257273478,0
0.6463825422909644,1.2789259610152865,0
0.244851453216569,-0.40172847452458765,0
-1.1583942516714012,-1.23489273661856,0
0.05154755178566106,-0.9594984300288273,0
2.2423345313932077,1.2992200269198417,0
-1.305576648835861,-0.612405214583403,0
0.26193414615201627,-0.011483030828904825,0
2.692908629109345,1.0786154332057636,0
0.570467099443636,0.837777192333309,0
-0.22134411504895313,-1.0065031026894031,0
-0.476511860874363,-0.4489873535357951,0
1.0356728917746454,0.8623766578278419,0
-1.9677776077373448,-0.5840368194386656,0
1.5076860317612664,0.6511388032023293,0
-0.7739777227159674,0.07716177446797806,0
0.8627627637504448,0.3682201919342567,0
2.1528197860364098,0.5496249071953736,0
-1.6812008483234766,-0.216613285601583,0
-0.08648318974441928,0.45919512271654667,0
-0.48658481518205254,-0.5853591109809175,0
-0.9436559379392759,0.26967968783470486,0
-0.2662772947731671,0.6456037269238737,0
4.331969329812153,2.7323919195138804,0
-0.08700489409170874,-0.19717360882985316,0
0.25873192437556686,-0.8626693397085846,0
0.30285437320171926,0.34196034420211974,0
-2.43237979524314,-1.5628228701333822,0
1.4952096366076462,0.5474768899027344,0
-1.6427666996038937,-0.7135901224867616,0
0.803275286264338,0.688432693160226,0
-0.3698894935093366,0.28994763293142545,0
1.275721601862877,0.5177020582380488,0
0.9808447300194095,-0.212240311117667,0
-0.5638324382210088,-0.17026042269621744,0
0.04036646368525801,-0.09655806346511424,0
2.5216332484869106,1.1376581101327463,0
0.7573572883877823,0.0012182591456131875,0
0.19263339322900053,0.306614680210318,0
-3.27955492479493,-1.6672296863949632,0
-0.42721326089070444,-0.2661360064539775,0
3.3045526860327654,1.7551878875534779,0
-0.6197324563715537,0.9090643082289395,0
0.267541742000682,0.29507339154460893,0
0.3045795745006432,-0.4256570867865527,0
-2.1224559833781456,-0.7571553014094025,0
-1.1694793625606945,-1.0839448222366923,0
-2.118102721141029,-1.8396865563050824,0
-1.4680137699475806,0.31767537307769045,0
1.8217253673422165,0.6897136622979145,0
-0.06582909706670725,-0.28883135085624345,0
2.6517312150985264,1.4536986486459154,0
1.7272061078348275,1.1629211640599657,0
1.255999979428747,1.4528927503574087,0
1.4141577362607094,0.5946118664873742,0
-1.1407728359620806,-1.2305094508325551,0
-0.6649923888283226,0.30251468007080246,0
2.725100211327862,1.551429448004639,0
-0.6106561500389409,0.06699092744583096,0
2.403427868100443,0.6211615629287227,0
-0.9596223260114118,-0.3639831030840526,0
-0.5032781853658048,-0.0948403474846152,0
1.1205161990713512,0.7166682582603328,0
-0.3541939716479322,-0.549377670654347,0
-3.307170521394949,-1.5312743070628907,0
1.9106591627660834,1.3532598049681681,0
1.5108622241828926,1.2050434390571079,0
-1.8200300528585485,-1.3874282084794793,0
-1.7428583554497967,-0.7248317320446129,0
-1.8108673804938933,-0.013732184353604127,0
0.5798494250950917,-0.0693309117443395,0
1.7003214377953846,0.49906077670700305,0
0.061074077672141666,0.2045241043476858,0
-0.649059971838664,0.06928584780626285,0
-0.3269452933260111,0.5571693046046297,0
-0.11498468150779945,1.3086112767702784,0
-0.896108285904483,-0.9113328621264029,0
1.7401122259860777,1.1743011571318414,0
0.2345856381244372,0.485188472786859,0
-0.7983891598627164,-0.46396883465889066,0
1.7733550273633472,0.18604226072542018,0
0.5882455951398442,0.7461875617181674,0
-0.10705043509632456,-0.6847702777620528,0
-0.3784987530423365,-0.00848202084342059,0
1.487427260687441,0.8734782478060916,0
0.1394316930249608,-0.5010925621544615,0
-0.732667192393238,-0.10964441548907505,0
-2.082946276873941,-0.583958922965068,0
2.565188203900081,0.9004645910433808,0
-0.9931792477786129,-0.2727394189061,0
-1.6928828715086266,1.0346174362224072,0
-1.2195078142285225,-0.08067636190700733,0
-1.7767419869200687,-0.6227776807629481,0
0.3830077534394545,0.5872723258182309,0
1.3783656415934529,0.6183933722864681,0
0.8173421524267668,0.4786682491627819,0
-3.5883678678551965,-2.8609776809472844,0
-0.8419585880823398,-1.2629275469143284,0
0.5832139365966849,0.8606310429141586,0
0.11532500769468852,-0.48113997420209714,0
1.0874305614600719,0.9242885615092962,0
1.2103803379517575,0.7568060901629222,0
0.05819113896155885,-0.2970681430066611,0
-3.8189815461222554,-1.724551885540921,0
3.442812057962321,1.9364541354055234,0
0.9591988566175801,0.9427183204530285,0
1.3866461573235347,0.684317756535953,0
-1.0496592744902942,-0.12567970384810057,0
2.133798315330047,0.973485929566682,0
0.953493027828041,0.18121204749897435,0
-3.120259193220132,-1.4659227544384583,0
1.9755331255142932,1.5196003063938854,0
-3.865037125857159,-1.5484523433737087,0
2.7137671445387386,1.2084553972920218,0
-2.02994207594509,-1.4428451399596596,0
-0.9253970841543331,-0.10507431643010945,0
1.6061709594046596,0.8296136889456193,0
5.787463322838632,2.5813723176942527,0
0.6957227342642862,-0.25616888168997176,0
-2.506961307601214,-2.062047187893873,0
0.7291837783694518,0.45610134399104046,0
-2.177133610120292,-1.888410314576221,0
-2.002004108813397,-1.0662856906216671,0
1.59070044434129,1.0840785626854046,0
-0.2164722973428666,-0.41818169907333796,0
-0.03926948027265194,-0.2150988470088364,0
-0.33392424416059174,0.1548043890999825,0
-2.4674962229311626,-1.944051570119923,0
-3.2583198940363767,-2.7270665129977756,0
0.1376853615544396,0.37002234653283284,0
-0.3526292772743029,-0.502375210459201,0
0.4611396329025713,-0.001530129148890863,0
0.8352754936415343,0.874970454822027,0
-0.46862614365197564,-0.5998196644198954,0
-1.6111022450079377,-0.7074489859480966,0
-1.5295163214925995,-0.5014282455632029,0
1.542701134521043,0.5434654011246979,0
-1.412746883710897,-0.44863568396391307,0
0.011350518941562786,0.06517241642858702,0
-2.0727598599465886,-1.4072819211888303,0
-0.8982698780277705,-0.5825838886076269,0
0.14401459928546897,0.6305281755056868,0
-1.5896337218248608,-0.44098134574034975,0
-2.248947373571656,-1.1930204729871896,0
-1.1074837101313428,-0.7489886599283191,0
-0.5300764951728003,-0.3492413875331747,0
-0.29148412292141485,0.1437830256129467,0
0.9683258910213479,1.572167761773839,0
1.984109121720831,0.45027617204778375,0
-2.1570665925840062,-0.755666506919919,0
-1.2047375140141927,-0.3282583173609093,0
0.20907754537336815,-0.34005212088921916,0
0.011567618067008845,-0.33489555316736946,0
-1.6457342976637823,-0.9548430700441877,0
1.486647265864278,0.6337474226642166,0
-0.5918349881326367,-0.6006885309276961,0
1.3626012572821875,0.8519873107625007,0
-0.3149469420832793,-0.42390176591676143,0
0.7612427467148888,0.5242883078901689,0
2.7846682975969412,0.7813697416808749,0
1.2799693571015198,0.5775054808420557,0
-0.8437156641061516,0.2915940071212786,0
-1.4410825984201254,-0.8518050389494309,0
0.24277699446943046,-0.3750437371746962,0
0.09231910568061313,-0.09598967063301807,0
-0.3815111973578009,-0.6208548232540834,0
-1.214115190026995,0.12226586073196521,0
0.10281490328969888,0.257367061025284,0
-1.1025072382411054,-0.7921387194435929,0
-0.38792719035874607,-0.20126953947479184,0
-0.005951586361530925,-0.39255022093406916,0
-0.14649749512476182,0.17243865953909304,0
-2.6960085100965374,-0.9596752516938469,0
-3.541227300274022,-2.2817203040925205,0
-1.53822476336226,-0.7308835418588256,0
-3.5956086011298214,-2.3314511720064135,0
1.5693609385780367,0.5379824096748006,0
3.761845866945744,1.7484560051991607,0
1.2736825749953862,0.7574075779419545,0
-0.9807456450608829,0.42014811235630567,0
-1.5131988697223964,-1.1004258301294239,0
1.4415867216733902,1.0192934868645638,0
1.8861280254329782,1.9319308670633628,0
-1.9295275306180357,-1.2689755721793603,0
2.6617333032385804,2.1064619489718988,0
-0.062455181156277906,0.5900630784703724,0
2.866943921986162,1.2324366241335776,0
-0.018860509725538797,0.013570286624623597,0
0.6432907018311886,0.6580082468909194,0
1.865425349626818,0.9266288031042974,0
-0.31462923948284344,0.09073838209698193,0
-0.9878283786565222,-1.0951519267412302,0
2.3699055481569697,1.9119007744551952,0
-0.41450996141826224,-0.5988516679799997,0
-2.6911785180885333,-1.382009720712404,0
-2.0417470332683805,-1.0587007920208735,0
-3.9109361053612752,-1.2089043007173796,0
0.22445647013563655,0.609505745863101,0
-1.3964120966061142,-0.057957357937275744,0
1.5152563471406562,1.1565047077344703,0
-1.451231480558032,-1.6625525985320726,0
2.461734141583057,0.2903188811706654,0
0.31283633532301275,0.5288509603901915,0
-2.598570914714931,-1.3533914078943314,0
-2.510921113406849,-2.038961304042876,0
2.940312871957307,1.5456283179783166,0
-0.6534831502008396,-0.3662019130670102,0
3.57328590680246,1.8674748178004714,0
2.10247951758604,1.4625269535996495,0
-0.4333489847563796,-0.7053387873168466,0
1.1054658371276167,0.05810151000450936,0
-0.09238594322044467,0.4316617310660268,0
1.589162286621395,1.1043820755599683,0
1.0778346360173625,0.17746954546211485,0
0.4009572324996191,-0.30686575972071317,0
1.2029221797374623,0.04041331812901372,0
-3.385396044242059,-1.7940467277792573,0
1.1582176145015357,0.7276409372368124,0
0.2394333284107805,0.016838441193184076,0
-1.2146910237466022,-0.2685262735003575,0
1.032769147715424,0.2626816259782381,0
0.9552759013081864,-0.6482295447566944,0
2.318679030730949,1.9294139276981253,0
-2.776052720024346,-1.6111377817323775,0
-1.0565134542843677,-0.40865213833302216,0
-5.528214318088365,-2.394680632943034,0
0.4201675517817651,-0.2564388709271296,0
2.7193716007668236,1.5578481475281831,0
1.5984507678027533,0.13907569532182262,0
1.3383111249421642,0.17146664782526416,0
-3.0854987389562445,-1.2072268658380207,0
-0.2964174734723087,0.5868100460824551,0
0.04746223166372587,-0.40842783718034203,0
-2.7316791441708865,-1.1905013220442608,0
1.8232519531651326,0.8799012407044365,0
1.7952430528535657,0.2642686991372428,0
-1.9925246083300028,-0.10459364585411379,0
2.286624827340143,1.507332074195277,0
1.2207458775116429,0.4079583108007275,0
1.1995702093940845,0.20679834204515013,0
0.0907025653133906,-0.37000703430904713,0
-0.4544764442317068,-0.2685333473268402,0
0.6010116746393043,-0.13548813016787145,0
0.8333653297664927,0.82649415026438,0
-0.6563923096474824,-0.8436850806915093,0
-0.3282393666210103,0.20280531656602374,0
2.756392733220116,1.7488671520505208,0
1.0196974202085032,0.8331360475688709,0
1.6905090848602744,-0.004386109357446211,0
2.788202636245643,1.5164211539532977,0
-0.25704687526934944,-0.5930715974036,0
-0.7497751235858772,-1.238175124989608,0
0.3673835389816005,-0.4133711573236234,0
1.1107874480919864,0.6183501121207159,0
1.559916933427498,0.6411415795092948,0
-1.6092584134591938,-1.1518294011067758,0
-1.200096483393734,-1.2113054898768585,0
-1.2129904367318989,0.07694533412093807,0
4.416557939845147,1.9622739371838605,0
-0.9496275996224416,-0.6104992289974405,0
-0.511555187082666,-0.5780033665958415,0
-0.11625377176114518,-0.14063175406677733,0
-2.0611145022857364,-0.9749232270890789,0
-0.49414004833719155,-0.4719181563632046,0
0.9289983025379526,0.2793052437257182,0
-0.5899744423935845,-0.5277946227252843,0
-0.9331220732684902,0.5459876051809476,0
-1.4294300626479046,-0.9292258067655865,0
-1.9797675098628373,-1.265086982488346,0
3.715450500856691,1.4806756881310736,0
3.290164827236469,1.583785436170031,0
-0.3829677994813277,0.6394633288586548,0
-0.5161823909121221,-0.3866133685217149,0
-0.9626725247134384,-1.6289555563984104,0
-0.5666348956135191,0.08503100548286593,0
2.3024986125058162,1.8083687735806637,0
-0.4949619191899468,-0.4740761026930982,0
-1.5637873685205648,0.3068343924315845,0
-0.364702791822088,-0.07015430139502897,0
0.9678784297973166,0.08992620642628835,0
-1.2482254721997206,-1.0992394232588985,0
-0.022951810067541586,-0.2528794921885535,0
-0.8934428375336436,-0.3100904931589644,0
-1.6769963605113134,-1.154396475587946,0
0.6691052372434652,-0.1349090285150114,0
0.6848217218285246,0.5565517215478373,0
-1.108270092500298,-1.0576228278470303,0
-1.7792140602054876,-0.26937167762949676,0
-1.1041161805911635,0.3544370045373514,0
1.591216982572957,0.22466091052379328,0
2.744704258402532,2.222478661514286,0
-1.1134211796910032,-0.6238829304969905,0
-0.24550950575773825,-0.6983015338126342,0
-4.23212786147546,-2.1998773858703675,0
-0.34017126030198386,0.18351451526050905,0
-0.8739278498130956,-0.3549416081511139,0
1.2602876162220802,0.9119640749883381,0
-3.5177522818326565,-1.2049558095926776,0
-2.632083826541479,-1.6661478514586938,0
1.7278139426305241,0.8613390880578515,0
-0.3250992651452959,0.37715642188601256,0
2.589381329626925,2.1562293289474277,0
0.3611210946258249,-0.0217538504888449,0
2.0869174736397635,0.2833330306186367,0
-1.4306639695867505,-0.7287378602614898,0
2.4892517844727604,0.6798759475978382,0
0.2275773851186953,0.9624818635705508,0
0.7613090338466945,-0.3496928762520751,0
0.47966261000622745,0.11933677618928588,0
4.648209715369677,2.460298021415465,0
0.25116080967625487,0.48509633246756023,0
-3.415035383138413,-1.2602206656811963,0
0.6941823653166714,-0.18584197352840737,0
-4.436858331072288,-2.3447061922546175,0
-0.01889356149939766,-0.022263333645766548,0
-0.31032163816268055,-0.23879344022183602,0
1.1009083368132284,0.3137354124266539,0
0.17018928266289757,-0.18264051758521416,0
1.2033129041108208,0.6976024284092448,0
0.12322487466248006,0.8235092207820957,0
4.329158736998313,2.866687445904033,0
-1.707946093760484,-1.9584316710196292,0
0.6670284272661439,0.16988801630521466,0
2.5829668963753756,0.9905756656617972,0
1.5422523602292588,1.7080070380528092,0
-1.875194598471623,-0.36309139102070986,0
-1.0041959213102438,-1.1061327252418014,0
0.7992729120854853,0.6742558479217657,0
1.9518281404244144,1.4037240298061568,0
0.4917425332574489,0.07437537617710113,0
-1.3154694301063805,-0.48024244352732226,0
0.3776794319208321,0.786082320505678,0
1.7296317547783773,1.2359175888973852,0
-0.9548694349387113,-0.6669491547177206,0
-0.29855637951916636,-0.7899684344622273,0
-1.5499587357161968,-0.9226479479154251,0
0.6789103687874904,0.8917277505063491,0
1.5061433678876084,0.09662151265300023,0
2.5493652645569136,1.669626096888438,0
1.8337573592708165,1.8652869861724186,0
3.2240234679414295,2.5799500707175858,0
-0.342541780284142,-0.23203719191682115,0
0.8532548059068987,0.6576929750037311,0
-0.16649257972673334,0.46662903403282885,0
-0.227890784297318,-0.046256449129533,0
0.6371016393685895,0.31228293919483074,0
-0.17084315264673222,-0.952844300918003,0
2.162220270341861,1.5315672955506263,0
-0.2552196428101066,-0.22926181430658282,0
-0.10453036846250827,0.11913394972227863,0
1.0911190210835389,0.1919170880248765,0
-0.13170234562710154,-0.5632913249862858,0
-0.3451407313922278,-1.0423050762754356,0
-1.8684895619188207,-0.7619379142778734,0
-0.6461237649549887,0.14918650420602994,0
-3.0760596200719093,-1.1353189464655449,0
3.4332039476043352,1.1928720734481262,0
1.0688005098140747,0.585146735922506,0
-0.7379445635460982,-0.7604931041805245,0
-0.16282138287028022,-0.46762574311102,0
1.3461680055488547,0.01191205746798607,0
1.8705885999877143,0.3202651008936582,0
1.457053388114546,1.3105106821310137,0
1.0807073078708374,1.9043078464364362,0
-0.8869079261427553,-0.38155676173361025,0
1.329047134029786,1.0640305270620638,0
0.9641427214359234,0.5774498690845248,0
-4.381494934483911,-2.393290298380212,0
-1.8286256240755874,-1.332840700103796,0
-0.31091789536049586,0.7255540733759934,0
0.698159900667066,1.2865741793783991,0
-1.098991601038643,-0.8714769709346258,0
-1.2911167945994348,-0.20110906193989253,0
-0.7400516204641201,-1.186985800034257,0
1.3020551384338475,0.5721636258748468,0
-0.0020875343433501004,0.31151532142025484,0
-0.025702364156691526,-0.6863684421078289,0
-0.7816341099406641,-0.11076584046702487,0
-1.1889428868256202,-0.09191367071047474,0
-1.5300075695080841,-0.5875461953908546,0
0.46869532133124736,-0.5857878995191256,0
-0.7821758815211968,-0.313995539926713,0
-0.1993879916640341,-0.7498074731569966,0
1.6380003951626765,1.4071043007223174,0
-0.07480146853970293,0.30323937058818073,0
-0.0549240253478681,-0.01440627883570451,0
-1.5050792769553398,-1.0654257141656152,0
-0.06839247227404896,-0.2694506035526386,0
0.8118290297880992,0.2787477126412671,0
-0.28159809701565874,-0.3918524089533485,0
-1.971589761312138,-1.505776517302081,0
0.4134400732836732,-0.0002261219781204138,0
-2.529017693980088,-1.2544845537040794,0
-1.4627770318349367,-1.531131270487291,0
-0.6455707348143815,0.10260806004345682,0
-0.3647465503192075,0.34147603584274894,0
0.5940570153728595,1.027817972681933,0
-3.8765259096235223,-2.2574154892922222,0
0.46140543064574074,0.9790064545265236,0
-2.606235975872549,-1.658179761054323,0
0.7814873582660913,0.2763044339613043,0
2.504056342850604,0.877405299055828,0
1.8873405284566294,0.6233343635780717,0
0.010554555978854949,0.12362258785236349,0
-2.4566116171699255,-1.8176095693211853,0
-1.647531082383466,-0.9895180578562258,0
-0.0563653542764445,0.30974075644535964,0
1.8501924846713573,1.1828127572472642,0
-0.38937998733909074,0.039657856862252816,0
-1.0116884106215243,0.6952954758813656,0
1.207755474565189,0.37890794766999863,0
1.1877840852517005,0.355888925774182,0
0.8467167607615423,1.0520566858073321,0
-2.322711463817283,-1.530562359581382,0
1.3323060497662935,0.9504805751953482,0
0.8168203767780928,0.7559567562240646,0
-0.03126417795669345,-0.7802123918677362,0
-3.036998201414066,-0.720768526974718,0
1.1348282044947386,0.4120563477551594,0
-0.5615823523440249,-0.13208386871764477,0
-1.5534955762578724,0.18113442604583196,0
0.4715149617354364,-0.14975517313192524,0
2.52466962063946,0.9829927149718002,0
-0.31909682577736,0.7331433583531605,0
0.843048302627525,0.5639077505573755,0
-0.22079368758100817,0.48042849695472445,0
-4.233380575567228,-2.533035128769875,0
0.6227009690483107,0.8592032794144204,0
-1.5593759487331844,0.09563379990502985,0
-0.9286736221817555,-0.6779864658656295,0
-1.2478601639192495,-0.10938049841138647,0
-1.5169780273636562,-0.5563480724653578,0
-2.0789914999380246,-0.5236682952160623,0
-2.512322717673761,-1.0177991438244383,0
0.2565866311420901,0.2112206815739167,0
-1.9031939879727313,-1.4300490095648817,0
-0.5514453792552383,-0.4932493706679808,0
-0.3173237471161147,0.47412968829736263,0
-0.3382928017364959,-0.15765872376959944,0
2.181659612075393,1.543476712572513,0
-1.563112949972934,0.2530787418753,0
0.4832483091479025,0.3690126665441188,0
-0.7593305749583779,0.3881818268902907,0
0.1053747745209572,0.19693801057022942,0
-1.0842776466551387,-0.48629277073937555,0
0.7268937950713698,0.4867848828032974,0
-1.6308166956651278,-1.3898423654994958,0
-0.08190683085354761,-0.3964860604727882,0
-1.7354902080201928,-1.6960354171699934,0
0.8819244062394601,0.6619932401222108,0
-2.677870863770323,-1.4662714001586805,0
0.5603699939110299,1.247439736452998,0
2.9503744179116325,0.47145390830052236,0
-0.6513226675964432,-0.601462026330161,0
1.607396536402809,1.2170516626479861,0
-0.30096960983901516,-0.4452004536134161,0
2.0184378575896798,1.5196919156598065,0
-1.097126460451792,-0.6371191452843932,0
-2.950736026393702,-2.1181876943301656,0
2.7678684332114036,1.1328041358860548,0
0.027385068410964906,0.13722612460354333,0
0.3409899902295929,0.3598226080062088,0
1.8492629316753957,1.7169197181152707,0
-0.09288662418519744,0.5130704983739792,0
-0.6849706987110905,-0.1365185962377937,0
-1.0734348776055622,-0.34897411034877335,0
-1.3835774899251476,-0.07097407101926678,0
-0.4864573674471274,0.09678111085383787,0
-0.1474941789633919,0.6464505532040563,0
0.7855496452724815,1.3275471087370847,0
0.3688662738510182,-0.5232701809472805,0
-0.0775378330383096,-0.3845427091753841,0
-1.3085832336298597,-1.0290591920213674,0
1.1630923594002993,-0.32929352690017283,0
1.2855912577191075,-0.5328804570427903,0
2.5639018144542605,1.7551794721945462,0
-1.4402034686454808,-0.5564705312193984,0
1.6725469492330047,0.8710877524217764,0
0.24893142867374402,-0.45024423701442723,0
-2.768687370549733,-1.0398291267774509,0
0.3742758646971543,0.21384876109709966,0
0.06957100275290284,-0.9911885836739027,0
0.567890012700163,-0.03958995470719187,0
1.7810181991715557,0.8115817960785371,0
-3.2251022032990346,-1.4032297690777837,0
0.862058113716911,0.7497694486351323,0
-2.5997093906464324,-0.9255842560434927,0
0.03304265797954416,-0.3081781614174235,0
-1.2829303368430882,-0.4884048906849027,0
-1.672232008490072,-0.5750153744922085,0
-1.6923656022293063,-1.1753245601102342,0
-2.3064395803127447,-1.1348380823191344,0
-3.4236330751537514,-2.1794167212158633,0
-3.0261633660106053,-1.5198658222753707,0
1.221400249886752,0.40994028145888284,0
0.46189726029651335,0.46085229924934545,0
-0.7787056721022871,-0.7057233206680795,0
-0.4070432259427828,0.8612186573476073,0
-3.0616454030490314,-1.4187666612935155,0
-0.09049322434805233,0.012029275413286439,0
-0.8405104025884831,-0.9650081319889487,0
0.7921695384239102,-0.4165095280460685,0
-0.822016522510441,-0.11393729685289783,0
0.5009240428764891,1.060903545565326,0
2.4143554461198917,0.5545181939697714,0
-0.6053276510313934,0.20346188823709016,0
-2.7990636054788847,-1.7291533841002682,0
-1.8465364010013998,-1.0076330073826583,0
0.1116303227965107,0.5048422467397902,0
-0.7912209269723921,-1.217477319878297,0
-2.8278575612925647,-0.818271422237096,0
0.9926059614936547,0.7305928291916496,0
-0.904024497708617,-0.35251785245229705,0
1.0868948690704947,0.243391790290706,0
-0.20181173117085419,0.482697246885827,0
-0.856963921830835,-0.6453116118606695,0
-0.729885606998182,-1.8254338420823482,0
-1.610544511202046,-1.7382310960964253,0
0.8577836958622044,-0.10490582425104134,0
1.9827284070546072,1.6458324944239346,0
0.7315211328620389,0.5660322347271449,0
-0.019292941197076086,0.22996019616670438,0
0.13677140434633914,-0.5730453498358226,0
-1.609441605190154,-1.1100521985572216,0
2.76598683143189,1.2646696215472994,0
-2.7584635524630636,-1.0480281996638632,0
0.6726349042036086,0.18406217025423124,0
0.1178096616068085,1.1091077780084895,0
-0.7467882631906615,-0.18305697154964937,0
-1.8214336778571083,-0.8545236220120924,0
0.48652383493664536,0.161478235477453,0
0.1309060235435464,0.051309937137167076,0
-1.261919045273359,-0.6491934348457288,0
-1.242734127451411,-0.7057480625782341,0
0.28352701662865065,-0.8547546315650393,0
-1.6480749336752678,-0.707496691763495,0
-1.1089907851726306,-2.052357692212464,0
-3.5613493778101573,-1.9762876410880135,0
-1.6874152737406565,-1.4268778644265754,0
-0.8328139999820763,-0.9763139464131021,0
0.6713744589772872,1.3234063003606404,0
0.28228208429639673,0.26059372517425083,0
-1.5998026848560327,-0.6065134464612743,0
-0.3350976616526451,0.0044920311300167826,0
-4.120185056107959,-2.2340787120931545,0
-0.56592176766798,0.22634248124741488,0
-2.149505864610422,-0.5524734619152696,0
-0.858667801358032,-1.0352766364284003,0
-2.5681853930336183,-1.9518652862657935,0
-0.3622696500930651,-0.5738095790149685,0
0.041382064224983695,0.18774463492637652,0
-0.6409326695494484,-0.1304952708743037,0
-2.8695375733688953,-1.307284675702569,0
0.21775901978695586,0.6021517978800055,0
-1.7878421456559266,-1.5751701362915727,0
-1.1740585930185243,-0.2751563797882891,0
0.22332726664648989,0.8124646485993274,0
0.23167995906983596,0.18724421094775687,0
0.2943025769223586,0.16535312552582745,0
2.1866215622601706,0.44489071568369876,0
-2.5639945188517004,-1.7988226549806299,0
2.155775325708438,0.06907333979774011,0
1.3758406194074575,0.06988722406853798,0
-3.034771336278249,-1.1155154614137215,0
0.7111538772678354,1.5151499213572552,0
-1.6199076524009075,-1.0305658338769936,0
3.8172263861025106,3.196865339455989,0
2.733926923605079,0.6343659366104104,0
-2.26938842221358,0.014363463218093564,0
-2.4981869208207477,-1.0529480415931112,0
-1.2014124854611892,-0.2131110320111289,0
-1.3637711952998113,-0.5882320736018294,0
-0.16603934592688846,-0.12038971976931762,0
1.3551282491186374,0.583866593216059,0
2.9313549333742412,1.51927988063203,0
1.930971355269376,0.47754656772435183,0
-0.6009936893293522,0.37950949095591696,0
-1.2497859181281963,-1.4599262799246875,0
1.504354788337726,1.2789726976570606,0
1.7362901651562967,0.8160865786303619,0
-0.7428014660120101,-0.8852903828668974,0
0.09837249786385055,-0.6193012794250526,0
0.966937194949559,0.6785632426279301,0
2.6465760757834924,1.6382716571282334,0
-0.0820114881423657,0.23439797389698996,0
-0.6708399648068611,0.3280948816593739,0
-0.12531923335245684,-0.2833603896301334,0
-0.32411861063990766,0.1001962013024241,0
-0.0925125409150915,-0.02906517447128524,0
1.3458659350003388,0.3863823969597236,0
2.044911135416898,1.9756650337839234,0
2.283808192895252,0.87324070380786,0
1.0476444951530293,1.0114557276609917,0
0.24564849488929608,0.7599547674908922,0
1.0994873922943997,0.7289571546921547,0
0.9867153901736027,1.608585667974132,0
1.9769474451023774,1.2140868559240998,0
-1.1763825710905813,-0.4211502401898165,0
0.3457743891877583,0.11966215066340737,0
-0.04452173698161961,-0.0978722188377291,0
-2.1204433638134956,-0.021386411923555726,0
1.2455558847027373,-0.023368481826051557,0
-0.3887971294819619,1.0913216858265269,0
1.03830002419347,1.3813044452384686,0
-2.768512166648564,-1.760505144435976,0
-1.3195019667767522,0.11404735810199718,0
0.6945055017672503,0.26914463722480664,0
1.2127443217853986,0.1379080983797989,0
1.3727998880019638,0.11820149063508223,0
0.1027486741914457,-0.3328460952971817,0
-0.07591377539810384,-0.8243324575333448,0
-0.7435591250957779,0.021907771218836414,0
3.3495008237293096,1.9810107343511674,0
-1.8572828696985706,-1.6032838085966838,0
-2.9635063844233063,-1.3749606098582414,0
1.2238329831739425,0.6268846512480896,0
-0.9758740426847629,-0.48398802227641224,0
-0.7333692742484657,-0.8562306139197313,0
0.005059742438375092,-0.7093801009354672,0
0.3806495908843358,-0.2515808008134443,0
1.0055914308280267,1.160796334523969,0
-2.0039658373544125,-0.7656670968627957,0
1.9443476620808622,0.8812083533050797,0
-2.1154096192526923,-1.0607500612907392,0
-4.0701081965913355,-1.9801416061735868,0
-0.2654194489524693,-0.2977501414642009,0
-0.197650248504027,-0.18257825953374368,0
-1.417949675615422,-0.2769726792186311,0
1.6303358648982815,0.20198723629522575,0
3.050588376859524,1.888500584787825,0
2.34819110044317,0.17230274586496896,0
-1.1905066924694943,0.618584012195238,0
-0.16526942027927488,0.3338982940691997,0
-0.11996897793033497,-0.1140161668804285,0
-1.5193661565090213,-0.9593513782360654,0
-0.5271474095996146,-0.12008154677930158,0
0.9407821501438817,1.0031830590690891,0
0.4591809791188622,-0.1349226350436468,0
-0.7341606353884572,-0.8454691711301487,0
-0.04654174396661247,-0.029501624077609617,0
-1.966484313416647,-0.8133249656851769,0
-0.12833490924140675,0.34322612630824023,0
-2.5071126500512815,-1.0607969193744307,0
0.2570981846243681,-0.5231771382475824,0
1.8952399163990261,0.8605599379345115,0
1.087131447015218,0.48763764836193557,0
-0.20839789515375484,0.15527507188719272,0
0.019263179874098507,0.2553602192827502,0
0.3031100544365599,-0.8328229324488323,0
1.6452192536271897,0.8079177217925053,0
1.9541455913309624,1.3480110838481405,0
-2.887256251605078,-0.9313223070454726,0
0.05459381246491052,0.7800964777407063,0
-0.18497109460651917,-0.2687837294707326,0
1.1180233272292044,0.44599394508435825,0
0.6316921501275061,0.42391003042193176,0
-0.27671760557443487,-0.14656048783808423,0
-1.0007420830522074,0.06414762001515228,0
-1.3214316622809252,-1.4551518711736098,0
4.195239073520437,2.7158407549552472,0
2.3972125276548817,1.1697348773812006,0
2.3894161962060525,0.3711191930239204,0
-1.090034291524435,-0.2009821943342956,0
1.5341680968888394,-0.48404615581016275,0
0.8570699937737787,0.6560416183035396,0
2.5043103308627988,1.432624606990531,0
-0.09506896621263604,0.2409097620316568,0
-0.00168943620237888,-0.4910389849026763,0
-2.024078455590145,-1.1631052613629027,0
0.24251349641352657,-0.3402977870315604,0
0.9475595493921145,0.0614433534665631,0
-0.06134074228286562,0.8293589934366479,0
2.6968725496949313,0.6305715102628869,0
-2.485559845849076,-1.4356675965511005,0
0.9324413778100232,1.0228274727903668,0
0.6586078770744843,1.2722373327947158,0
-1.0633340369323925,-0.8148400829795415,0
-3.5821912481902873,-2.2222291828972205,0
-1.338622507472088,-0.5656553518212779,0
-2.5653375476535114,-0.5863937998470077,0
0.10285449870024996,-0.32445052453835665,0
-0.6488263624447302,-0.6886065633962968,0
-3.4902838600991157,-1.799170388092308,0
0.5894073889366799,0.4084647318629486,0
2.5197551884084075,0.8591300604409471,0
-1.926251556936437,-1.3617761967333135,0
1.6875265495625502,1.173448793102276,0
-2.189272100419826,-0.8095260880567965,0
-1.553944632766076,-1.2128436155971758,0
2.1299513076720453,1.8961371075967024,0
0.6073549378391173,0.1987019078351582,0
-2.400160122197908,-1.0043536591133067,0
-1.237500794256059,0.4282213561799649,0
0.9119881394346906,0.9554343132115529,0
-0.1543082629230665,0.05270665490221414,0
-2.7343561571829773,-1.207586134508487,0
-1.1502533173421343,-0.07537494716373222,0
0.803331318777513,0.007219964569291637,0
2.2084231663194682,0.1914583952741572,0
-3.3041146673635726,-2.3239945606085333,0
0.4384142452236364,0.0952013242189362,0
-0.6994721310653583,0.036540710367788165,0
-1.357251006711296,-1.0200748011285727,0
0.22812184898984164,0.26442262976039255,0
0.09075929572719094,0.8581928685781061,0
-0.9981418856256005,-0.16403138459407735,0
-1.3856138176231327,-0.15047922803278746,0
-0.039481838947762415,-0.6743442918972599,0
-0.5507015456881199,-0.6228149908070757,0
0.7859916711099182,0.7160015332717433,0
-2.1334719828400286,-1.1310850611908785,0
-0.8876874974061386,0.3823297373749819,0
-0.9591211831999267,0.7971617064505603,0
-0.603325320297587,-1.209786115315398,0
-1.375113628123181,-0.543949001160603,0
-2.358574148331089,-0.9231891303515127,0
0.49460520059129365,-0.3519743521085639,0
0.5376076419094735,-0.14068827488931987,0
0.8747723907468317,0.7646309185493,0
-2.953817360158999,-1.3820390268963445,0
1.9629476510515653,1.2744840658451972,0
-1.9296206114309273,-1.3398492605406944,0
0.22734149903162984,0.1290679216056547,0
1.2136490989926727,0.9760641411874516,0
0.12003570500800896,0.2755596519981301,0
1.61756015934144,0.6453441795302824,0
-1.1638824532179033,-0.8106870446761546,0
-2.885472415722741,-1.7455547193856935,0
-0.5817328405726612,0.15841203450155555,0
2.807616380588583,0.6156712873403438,0
2.358526428424118,1.8982086520855255,0
0.41274960471630373,1.5094618664406823,0
0.9314535010535637,0.5914572770779875,0
-3.071772991098303,-0.6334940256691524,0
-3.7976157673708744,-1.4237682086245234,0
-1.884864277464033,-0.7102929235968185,0
-1.2227558252777826,-0.9320313039194794,0
1.407459193685829,0.751549586995414,0
0.38757793309094835,-0.020865553770277656,0
-1.3975042739446972,-0.2667343557219717,0
-0.46161960238713395,0.49718058888683014,0
2.003519511286276,0.9747048325027579,0
1.6235887618280573,-0.0712561593077844,0
0.16766761770759075,0.02840876577823577,0
-2.734303953337094,-1.1456152207195882,0
1.3723843003571727,1.6683842146924834,0
-2.2213368134995712,-0.8956207711418457,0
0.5904526860854358,-0.1672688563453005,0
0.4117961441931121,0.7687892885563186,0
-3.5636111519919993,-1.129855044027443,0
1.0751103144418135,0.011430277075425155,0
0.1283501323655517,-0.8220720032174065,0
-0.5247008310843241,-0.3551587856656936,0
1.1354425090069926,-0.19558154638938674,0
-0.7714184756035307,-0.6811720523871083,0
2.613358424864123,-0.0481314944000657,0
-0.3240714900280715,0.7192453322179574,0
-2.760463743451668,-1.7075947460978078,0
0.9371674043318634,0.7376783668395206,0
1.6533107647338041,1.0368376491329252,0
-1.5742492519294862,-0.2245063658627175,0
0.2148779005545942,0.012408694352603153,0
1.682814173637071,0.4841151794747107,0
0.3124093226536329,0.3522384014807439,0
-1.4024437787209068,-1.1551263704872832,0
-2.509606466754509,-1.479665579205781,0
0.19331698506939574,-0.2729104125709362,0
3.9828102616843672,2.576829031852373,0
-1.2079234670007999,-0.7881657117188787,0
-0.2232950273885,0.14037471224720532,0
2.79739247548474,1.2306351851099244,0
-1.1027626381286382,-1.2219662365713289,0
-0.22044805809348395,-0.8012904760571178,0
-0.7944772870709756,-0.4431439551818967,0
2.5328676933099317,1.942228865373748,0
1.4327936157578143,0.3586837194249979,0
-0.5855432935417211,0.2651953729780505,0
1.7336055452191717,0.9588656718302097,0
-0.8825176954823419,-0.1231918424201417,0
-0.22644949866189426,-0.3060640165606433,0
1.4048472453086271,0.7952421027861789,0
2.455532834930561,-0.1573229485410198,0
-0.9400106323997004,-0.04776644328719093,0
4.274246332906143,1.7789058606004742,0
-1.4956811378086818,0.23589621645453118,0
0.11680317616594235,-0.3041839190953391,0
0.026351011707020366,0.7066278866073288,0
1.2780963350371477,0.28146338608186194,0
1.029766137905583,0.07092249151538715,0
-0.5513648861076872,0.5232690084275823,0
-0.5025980219298872,-0.3960927575523787,0
0.8292887734011967,-0.3435573286259895,0
-1.5020442426956986,-0.8430762794016136,0
-0.35881752279019347,1.4163349733164041,0
-0.3561149566661862,-0.5692640933311833,0
0.49238951701042233,0.8419909767419265,0
0.10664487194469643,-0.6673860151214438,0
-1.4404450029350646,-1.1074469468393786,0
-3.4471389953493343,-1.3008325922349826,0
0.500653591717022,0.9131896130642567,0
-0.29536617991567093,0.271466918355934,0
-0.6560589815623457,-0.7774219591519087,0
0.8906428923926469,0.995448875034052,0
0.6601738175822567,0.14999657378003825,0
1.5534028089842211,1.044722803342988,0
-3.322452875476556,-2.3158391468255575,0
-0.33757463849379216,0.5306710307821307,0
0.04213430198332917,0.250409268129953,0
1.7368501544250883,1.145272278687473,0
0.1152007728659882,0.5581657819985506,0
-2.584153719607877,-0.07863389218444383,0
-1.0648506432768086,-0.40578716464593045,0
-0.2602036737243647,-0.31714664196967635,0
-0.5200627581752743,-0.42712283202816087,0
-0.5657446597170155,0.3608965261177216,0
1.4917129137512413,1.3724973556679971,0
-2.2398110444888135,-1.2581816102063028,0
3.775534305122041,1.7144447044637385,0
-2.225166709268921,-1.2023917257221124,0
1.8239046156966108,0.7218689992368281,0
-1.5598704038936138,-0.5594276068899778,0
0.4876713359462892,0.07622432203487839,0
0.8668534448754527,-0.0006921257799370473,0
-2.7098174419931604,-1.6126031039508402,0
-2.411489076302961,-0.5243028911732668,0
-1.625976817956723,-1.087603536414738,0
-0.6890741254497198,-0.38096860728814175,0
1.485789620972593,0.9585502440657816,0
1.7782754335750466,1.5499382388241936,0
0.7566760448880853,0.5062848484408058,0
-0.43281068670563927,-0.3620436854297347,0
-0.9092020034034863,-0.7257991175223777,0
-1.2159930933950558,-1.3287497197392097,0
-0.6235941134206623,0.6429010965582628,0
1.861920159437258,0.6550892868859213,0
-0.921207739941669,-0.4025600769431299,0
-0.7053581465576644,-0.1310926662158809,0
-1.3238339270102295,-0.14953860563457727,0
-0.6540566096988171,-0.4715619554137548,0
-1.5544984548677276,0.12502820606825416,0
0.4322553198348985,-0.25953438463189876,0
-1.8782084517673063,-1.0658226507939643,0
3.557952312756064,2.331004590533797,0
0.9393760398500962,0.45713718529145325,0
-0.610702568297873,-0.23088340700477294,0
-1.1285232358315775,-0.8233217920018759,0
-0.827808562057268,-0.5737633591998399,0
-1.3992087890336482,-0.43887321657034106,0
1.3807561670834474,1.2859674676021446,0
0.7521668200820668,0.8095661792441571,0
-1.0166821022964108,0.38178137037289156,0
0.4574112581333378,0.06884820589527565,0
0.09692055736971036,-0.10084134862151534,0
-1.0366614289577298,-1.3689400142356756,0
2.0353855502057954,0.551452956512814,0
-1.9923524681458717,-0.2046387253739259,0
0.2149593502938208,0.030007250943704628,0
-0.36391639747730914,0.390475956320009,0
1.5444733401510051,0.9466435038082267,0
-1.7816895946670006,-0.7011302000436385,0
-0.5357240175166962,0.21751612419953564,0
4.505692338442812,2.7528191591191,0
1.5081830333158623,-0.11493472695006868,0
-1.1667775431542833,0.06747141913023985,0
0.03664240926014262,0.4995733322864333,0
-3.0475775765783832,-0.9686916106843723,0
-2.975150774778136,-1.218442756031088,0
0.2059997756349901,-0.6966624462093012,0
0.5997659697389865,-0.1037583046515165,0
-3.6957049226387695,-2.0664749345845417,0
-0.32739423703538845,0.1025671059473896,0
-0.4301680072867543,0.6235782791266334,0
1.029757989279577,0.6491335263515058,0
1.5531634853629568,0.16633253197573084,0
1.0595927229052344,0.5484213812161969,0
0.8832093496223967,0.12390685129877133,0
2.4353356106864843,1.2614917883256,0
2.4278363940915617,1.68217879573495,0
0.1636916803753884,-0.6465635623889627,0
0.6892475349708882,-0.009987095637721322,0
-0.8296594958437657,0.23116460318804088,0
3.1999321897353084,1.7704903723425052,0
0.13464019758236326,0.41021124388299435,0
-0.20897830823712038,-0.4906087492775911,0
0.7153669992811141,-0.01810542515985486,0
-1.854474860639765,-0.9817501484902804,0
-3.256058374318035,-1.7731444105774332,0
1.5351851107717758,0.059148197121016044,0
3.4321467808460198,1.0388999384454065,0
-0.565882550204705,-0.046606355585483095,0
2.5310281498518568,1.8053959573956608,0
0.7997795358919013,0.5019686582026355,0
-2.9598700665761837,-1.1323364229449604,0
0.6484431973027492,-0.10185725695987674,0
3.850375917557647,1.6984211278308439,0
0.5698673976657381,-0.19225855267583034,0
0.20956929429428653,0.15086837607497855,0
0.5228103903045407,-0.04760667067784538,0
-0.38258215090283143,0.017853751993720607,0
1.5790899109341,1.55578991402035,0
0.16555534093708407,0.09809708468871786,0
-1.2665236077945503,-0.5603518991806352,0
-1.698921697667501,-0.7646108573558859,0
0.977226853144534,0.7050852660171786,0
1.9436913519519305,1.0949135669408196,0
0.10074452201288611,-0.050911629190897756,0
0.6153430948413293,-0.618565735051316,0
0.92398215509531,0.5412662192983517,0
-0.05949429125513492,-0.5494803474826868,0
-1.994658095687396,-1.503800888096286,0
-1.7563340724365135,-0.724783669724675,0
0.7390568541900074,1.289755322598344,0
1.8596424910526093,1.458228415585739,0
-1.5797992588185588,-1.183274304691755,0
-2.3417065591527026,-1.3791917471517903,0
-0.5509099040324297,-0.1637139226883556,0
0.06101436299318874,0.4410580237690817,0
-0.9978590610904867,-1.4147735186894663,0
-1.89421011440714,-1.8511477037317645,0
-2.0113885380960514,-0.5089410995246773,0
1.9618157914978924,0.843004791674058,0
1.946105856133922,0.9332685234202192,0
0.36623258193195884,0.5887167402351716,0
-2.5453183756963,-0.6592071185496805,0
1.0103939393589738,0.4353613680932164,0
3.0632536266931534,1.2334868361743063,0
-1.9974446131239652,-0.2552308462654317,0
2.2464022971982796,0.9038137768118593,0
-0.013308142363658994,0.13399487421117878,0
1.3031110390554124,0.9110034119512789,0
0.817713653020729,0.43034745734081536,0
-0.9405874819994229,-0.5001522464957192,0
0.7732593234237586,0.35862537269482675,0
0.2294613925593894,-0.06357054546831242,0
0.10995576085305664,0.8640851180707635,0
-0.902485936923109,-0.6318292520676586,0
-1.1283405717949762,-0.7720144252513592,0
-2.0944449902581597,-0.9347241694082427,0
0.09066763940747279,0.2740388638215196,0
2.936967233834754,1.0042643880166826,0
2.0227944383786314,1.15456716709544,0
-3.4463342790695473,-0.7205162475476683,0
-1.2019718785050464,-0.39100046521532816,0
3.2103269035544746,1.4447700249787816,0
1.4845582625464802,0.4817905350450209,0
0.38802180021692145,-0.03012905884435993,0
3.246339158513666,2.1141103886200945,0
1.794262257941966,1.080768664510026,0
-3.3733691945860262,-2.2684664236412555,0
4.410326347881335,2.2162747042909534,0
-2.3032858501277556,-0.2462615643173569,0
2.009914525131709,1.3258610088317944,0
0.8222228701042448,0.38667413981276233,0
-4.231542738227733,-3.0216991021312687,0
-0.5342676261621426,-0.05035430531852855,0
-1.8873551443476093,-0.9607277052935143,0
-0.44756916175415656,-0.43680512980832,0
-0.3908008444041366,-0.3820162140954947,0
-0.9912332815662324,-0.7166646796464611,0
-0.6422271058486716,-0.35844919558104865,0
-1.9252798271089435,-1.0562655126145997,0
2.7839859711177626,2.125573936241876,0
1.6942486628801832,0.5774322620570571,0
0.7361209420002945,1.0862644407683923,0
3.014402942132786,3.1937434343914997,0
-1.862487940302785,-0.8843278548535344,0
0.034542390736295524,0.16232011417275902,0
-1.0311863984649645,-0.2268791214150827,0
-0.9740379920861914,-0.47616752431458736,0
0.37098902709353593,0.12235094881375144,0
0.09752758056297733,0.6232751755711614,0
-0.4043546339074847,-1.697477789721689,0
-1.1685157591638955,-0.5272820344490458,0
0.1135812518450347,-0.1349099037899121,0
-2.1312741663738053,-0.663354239207707,0
1.2435314781526088,0.8705500875364577,0
1.959697978323686,0.3538848591366014,0
0.896816172329666,0.9143490423193645,0
-1.7462523759773068,-0.6761247834436688,0
-1.3548434531939308,-0.4650912079241327,0
1.0124069514479432,0.7593831433979492,0
-1.5342294884296592,-0.4411581607365146,0
-2.1925581810860955,-0.8166488798114572,0
-0.828506646729389,0.09563137453146675,0
0.23039721729782808,-0.3208954136360277,0
0.43646130096503555,-0.14162046313582607,0
-1.8578702174874469,-8.679803117195169,1
-3.023589320610414,-7.780038024173703,1
6.164704200184442,8.953760519289414,1
-8.553670494841228,9.10230414583403,1
0.4515319867349028,-4.0086864409225225,1
-8.46275849447673,0.012485361408355544,1
5.890310889814973,4.141729545333963,1
-8.995479770720525,-8.54196329264193,1
-1.9425343473472587,-4.0941901190411345,1
-5.352313538879043,-4.379910021825728,1
6.069654865937693,8.58456107263708,1
-1.8979461094486716,8.122220042649943,1
-3.5700859750423604,-0.47126027312416774,1
-5.479420043680006,2.8095208435168786,1
9.57962230349618,2.0698619208675737,1
-2.8437183177290226,2.9563489198105675,1
-7.541586430692249,7.773181605307972,1
0.06167901559672728,-1.0130051592071592,1
1.7172957690703843,2.495677255788049,1
-8.56448387546974,3.6523444244680476,1
-5.161366393689408,4.279052650131796,1
6.450695887683935,6.0791701510504055,1
1.0500193481577824,0.4033978462150234,1
-7.142480773211766,5.506923008062712,1
-4.571812391065713,-0.06609154364106828,1
-4.314518141449666,-7.323432740006137,1
2.591153937834731,-8.913359303541924,1
4.972904682524,-3.6482640947776668,1
-9.997306139910293,0.22258278474459559,1
-9.062961829447937,-4.47660884358201,1
4.139529749114324,-8.746207567562683,1
6.786769847120048,-9.923601546828337,1
-5.063522615961955,4.818081123041429,1
-3.6745970054138644,-7.96215223867973,1
-2.795321623991443,-4.592134272309489,1
6.854238043211097,-3.733041648297137,1
5.778649435520144,7.8374428962146965,1
-1.3236516084694099,8.19886287708784,1
-2.453638920736143,9.281568329802163,1
-8.21420950948854,3.7403853300648553,1
-0.12371919086142569,-2.247023890887059,1
2.6542375749720186,4.077141832686625,1
-9.91273460699382,-6.660938225056025,1
4.260921012686374,3.327708271564129,1
9.320950102573544,5.22075580501566,1
9.01545415462676,4.050810030696139,1
-4.0389558272111366,-7.892701554982871,1
5.636477266898712,2.8829844295183182,1
-9.036279752134075,-2.798990681980433,1
9.135996309685723,0.0080229142040249,1
